high_school,fall_term,county,frpm_pct,admit_rate_residual,expected_admit_rate,admit_rate,applicants,cds_code
ABRAHAM LINCOLN HIGH SCHOOL,2017,San Francisco,0.5294401544401545,-0.1867419467814579,0.7321964922360034,0.5454545454545454,242.0,38684783833241.0
ABRAHAM LINCOLN HIGH SCHOOL,2017,Santa Clara,0.5597516813243663,-0.0998280572371148,0.6851939108956514,0.5853658536585366,123.0,43696664333795.0
ACALANES HIGH SCHOOL,2017,Contra Costa,0.0198529411764705,-0.0464124590238745,0.7033467655932176,0.656934306569343,137.0,7616300730283.0
ACE CHARTER HIGH SCHOOL,2017,Santa Clara,0.8940397350993378,-0.0655921876516262,0.7322588543182929,0.6666666666666666,6.0,43694270125617.0
ADRIAN C WILCOX HIGH SCHOOL,2017,Santa Clara,0.3656024716786817,0.0413967061408561,0.6811839390204342,0.7225806451612903,155.0,43696744338802.0
ALAMEDA COMMUNITY LEARNING CTR,2017,Alameda,0.2352941176470588,0.1588011594110904,0.6811988405889096,0.84,25.0,1611190130609.0
ALAMEDA HIGH SCHOOL,2017,Alameda,0.1892497200447928,0.0727557311113457,0.693910935555321,0.7666666666666667,210.0,1611190130229.0
ALAMEDA SCIENCE & TECHNICAL INST,2017,Alameda,0.2185792349726776,0.0248497124296886,0.6593608138861008,0.6842105263157895,38.0,1611190106401.0
ALBANY HIGH SCHOOL,2017,Alameda,0.1821305841924398,0.0446406731875091,0.6736691859674204,0.7183098591549296,142.0,1611270130450.0
ALHAMBRA HIGH SCHOOL,2017,Contra Costa,0.1755725190839694,0.0093928089897648,0.6334643338673781,0.6428571428571429,42.0,7617390730549.0
AMADOR VALLEY HIGH SCHOOL,2017,Alameda,0.0509818731117824,-0.0105430337309873,0.7243477475357011,0.7138047138047138,297.0,1751010130583.0
AMERICAN CANYON HIGH SCHOOL,2017,Napa,0.3689320388349514,-0.0472625723918214,0.6913303690019909,0.6440677966101694,59.0,28662660121087.0
AMERICAN HIGH SCHOOL,2017,Alameda,0.1668181818181818,0.0532196461500453,0.7169931198074014,0.7702127659574468,235.0,1611760130062.0
ANALY HIGH SCHOOL,2017,Sonoma,0.1733333333333333,-0.0716618856619868,0.6607029815523978,0.589041095890411,73.0,49706074930400.0
ANDREW P HILL HIGH SCHOOL,2017,Santa Clara,0.6016994158258099,-0.120238375624161,0.6424605978463833,0.5222222222222223,90.0,43694274332995.0
ANGELO RODRIGUEZ HIGH SCHOOL,2017,Solano,0.2897406989853439,-0.105149813248813,0.6468164799154796,0.5416666666666666,72.0,48705404830170.0
ANN SOBRATO HIGH SCHOOL,2017,Santa Clara,0.2938005390835579,-0.1133492134177911,0.6541655399484034,0.5408163265306123,98.0,43695830102368.0
ANTIOCH HIGH SCHOOL,2017,Contra Costa,0.7036466358500256,0.0535421805410707,0.6537748926296609,0.7073170731707317,41.0,7616480730861.0
ARAGON HIGH SCHOOL,2017,San Mateo,0.162700964630225,0.0126496270096537,0.6960117903131808,0.7086614173228346,127.0,41690474130217.0
ARCHIE WILLIAMS HIGH SCHOOL,2017,Marin,0.0779334500875656,-0.1429331590023511,0.6723449237082335,0.5294117647058824,102.0,21654822131340.0
ARISE HIGH SCHOOL,2017,Alameda,0.8941605839416058,-0.3590778333362731,0.7274988859678521,0.3684210526315789,38.0,1612590115238.0
ARMIJO HIGH SCHOOL,2017,Solano,0.567603160667252,-0.050355275185559,0.6840186415221927,0.6336633663366337,101.0,48705404830451.0
ARROYO HIGH SCHOOL,2017,Alameda,0.5073033707865169,-0.1404327227169398,0.666748512190624,0.5263157894736842,95.0,1613090130849.0
ASPIRE LIONEL WILSON COLG PREP,2017,Alameda,0.9223300970873788,-0.2128126858885113,0.7440626858885113,0.53125,32.0,1612590130666.0
ASPIRE RICHMOND CA COLG PREP,2017,Contra Costa,0.7327586206896551,-0.0049502622461665,0.70060243615921,0.6956521739130435,23.0,7617960132100.0
BALBOA HIGH SCHOOL,2017,San Francisco,0.6613290632506005,8.419371650814078e-05,0.6968855032531889,0.696969696969697,132.0,38684783830288.0
BENICIA HIGH SCHOOL,2017,Solano,0.1775644871025795,0.0892606789525976,0.6401510857532847,0.7294117647058823,85.0,48705244831004.0
BERKELEY HIGH SCHOOL,2017,Alameda,0.2786613651424784,0.075745376175774,0.7310179088483806,0.8067632850241546,414.0,1611430131177.0
BRANHAM HIGH SCHOOL,2017,Santa Clara,0.1258566978193146,-0.0154610123371913,0.6680925912845598,0.6526315789473685,95.0,43694014330866.0
BUCKINGHAM COLLEGIATE CHARTER,2017,Solano,0.1673553719008264,0.1847845627780426,0.6046891214324837,0.7894736842105263,19.0,48705734830113.0
BURLINGAME HIGH SCHOOL,2017,San Mateo,0.0659649122807017,-0.0188068536887694,0.6997884487807939,0.6809815950920245,163.0,41690474130472.0
CALIFORNIA HIGH SCHOOL,2017,Contra Costa,0.0548197203826342,-0.0492203009956447,0.7108172591705497,0.6615969581749049,263.0,7618040730051.0
CALISTOGA JUNIOR SENIOR HIGH SCHOOL,2017,Napa,0.5523255813953488,0.1842643305508665,0.5849664386799027,0.7692307692307693,13.0,28662412831758.0
CAMPOLINDO HIGH SCHOOL,2017,Contra Costa,0.014514896867838,-0.0262404113530517,0.7161138290745708,0.689873417721519,158.0,7616300731125.0
CAPUCHINO HIGH SCHOOL,2017,San Mateo,0.2599830076465591,-0.0575384504313325,0.6656465585394407,0.6081081081081081,74.0,41690474130738.0
CARLMONT HIGH SCHOOL,2017,San Mateo,0.0938661710037174,-0.0486432327389221,0.7153098994055888,0.6666666666666666,249.0,41690624130993.0
CASA GRANDE HIGH SCHOOL,2017,Sonoma,0.3892215568862275,-0.0996718358194941,0.6552273913750497,0.5555555555555556,81.0,49708624930012.0
CASTLEMONT HIGH SCHOOL,2017,Alameda,0.8287220026350461,-0.1210941128533557,0.6210941128533557,0.5,14.0,1612590125161.0
CASTRO VALLEY HIGH SCHOOL,2017,Alameda,0.2202054794520548,-0.1185845777460843,0.7068198718637314,0.5882352941176471,238.0,1611500132225.0
CHRISTOPHER HIGH SCHOOL,2017,Santa Clara,0.4026121521862578,-0.1329356115582642,0.6772394090266187,0.5443037974683544,79.0,43694840118380.0
CITY ARTS AND LEADERSHIP ACADEMY,2017,San Francisco,0.7223880597014926,-0.0396227335375636,0.7319304258452559,0.6923076923076923,13.0,38684780107300.0
CLAYTON VALLEY CHARTER HIGH SCHOOL,2017,Contra Costa,0.1793354574419663,-0.1567863807316818,0.7042316362061344,0.5474452554744526,137.0,7100740731380.0
CLOVERDALE HIGH SCHOOL,2017,Sonoma,0.4593908629441624,0.029051074874388,0.5542822584589453,0.5833333333333334,12.0,49706564930855.0
COLISEUM COLLEGE PREP ACADEMY,2017,Alameda,0.9410526315789474,-0.1937649861538002,0.6937649861538002,0.5,30.0,1612590112797.0
COLLEGE PARK HIGH SCHOOL,2017,Contra Costa,0.2035053554040896,-0.1380265927122861,0.6770890927122861,0.5390625,128.0,7617540731646.0
CONCORD HIGH SCHOOL,2017,Contra Costa,0.470785762256548,0.1163370062877631,0.6392185492677924,0.7555555555555555,45.0,7617540731836.0
CUPERTINO HIGH SCHOOL,2017,Santa Clara,0.0665226781857451,0.0769670429737667,0.7314161905591674,0.8083832335329342,334.0,43694684331799.0
DE ANZA HIGH SCHOOL,2017,Contra Costa,0.6746806912096168,-0.0049018780482023,0.6834733066196309,0.6785714285714286,56.0,7617960732164.0
DEER VALLEY HIGH SCHOOL,2017,Contra Costa,0.5487012987012987,-0.0570903111321525,0.6682014222432637,0.6111111111111112,72.0,7616480730465.0
DEL MAR HIGH SCHOOL,2017,Santa Clara,0.4223341729638958,-0.0032246865145677,0.6432246865145678,0.64,50.0,43694014331955.0
DIXON HIGH SCHOOL,2017,Solano,0.4412556053811659,-0.0410330123073713,0.6564176276919867,0.6153846153846154,52.0,48705324832259.0
DOUGHERTY VALLEY HIGH SCHOOL,2017,Contra Costa,0.0537024683122081,0.0341985084004412,0.7399191386583823,0.7741176470588236,425.0,7618040113118.0
DOZIER-LIBBEY MEDICAL HIGH SCH,2017,Contra Costa,0.5351123595505618,-0.1662127323019985,0.6551016211908874,0.4888888888888889,45.0,7616480117218.0
DR TJ OWENS GILROY EARLY COLG,2017,Santa Clara,0.3516483516483517,-0.1032771613308662,0.6542975694941315,0.5510204081632653,49.0,43694840114496.0
DUBLIN HIGH SCHOOL,2017,Alameda,0.0844337735094037,-0.0222947676315055,0.7222947676315055,0.7,200.0,1750930132704.0
EAST PALO ALTO ACADEMY,2017,San Mateo,0.8842443729903537,0.0183665801127982,0.6066334198872018,0.625,16.0,41690620126722.0
EL CAMINO HIGH,2017,San Mateo,0.2240235814296241,-0.0183028057616241,0.5351567383458938,0.5168539325842697,89.0,41690704132551.0
EL CERRITO HIGH SCHOOL,2017,Contra Costa,0.4712328767123288,0.0068673343566689,0.6624875043530084,0.6693548387096774,124.0,7617960732941.0
ELSIE ALLEN HIGH SCHOOL,2017,Sonoma,0.6925892040256175,0.0211998082986721,0.6084298213309575,0.6296296296296297,27.0,49709204930160.0
EMERY SECONDARY SCHOOL,2017,Alameda,0.6892655367231638,-0.2674438796564433,0.540171152383716,0.2727272727272727,11.0,1611680132746.0
ENVISION ACAD ARTS/TECHNOLOGY,2017,Alameda,0.7419354838709677,0.0478691066447451,0.7437975600219214,0.7916666666666666,24.0,1100170112607.0
EVERGREEN VALLEY HIGH SCHOOL,2017,Santa Clara,0.1628312412831241,-0.018830360053637,0.716282589353,0.697452229299363,314.0,43694274330692.0
FAIRFIELD HIGH SCHOOL,2017,Solano,0.6496902959394356,0.1864311173629953,0.6317507008188229,0.8181818181818182,22.0,48705404833000.0
FOOTHILL HIGH SCHOOL,2017,Alameda,0.0563314711359404,0.0044655224747475,0.6989243080337271,0.7033898305084746,236.0,1751010130096.0
FREEDOM HIGH SCHOOL,2017,Contra Costa,0.3571698827090427,-0.0872232123590048,0.6793284755168996,0.5921052631578947,76.0,7617210730457.0
FREMONT HIGH SCHOOL,2017,Alameda,0.856020942408377,-0.072091978295815,0.5938311087305976,0.5217391304347826,23.0,1612590125716.0
FREMONT HIGH SCHOOL,2017,Santa Clara,0.3219584569732938,-0.0098403105080014,0.6765069771746681,0.6666666666666666,120.0,43694684332474.0
GALILEO ACAD OF SCIENCE & TECH,2017,San Francisco,0.7852564102564102,-0.1760765707791168,0.7400576134331454,0.5639810426540285,211.0,38684783831765.0
GATEWAY HIGH SCHOOL,2017,San Francisco,0.4150943396226415,0.0692314729881553,0.690027786271104,0.7592592592592593,54.0,38684783830437.0
GEORGE WASHINGTON HIGH SCHOOL,2017,San Francisco,0.5955223880597015,-0.1815798463192045,0.7395197604822946,0.5579399141630901,233.0,38684783839081.0
GILROY HIGH SCHOOL,2017,Santa Clara,0.5877576514678327,0.04673820752371,0.62826179247629,0.675,40.0,43694844332839.0
GRANADA HIGH SCHOOL,2017,Alameda,0.1598890942698706,-0.0795359428107247,0.6567717151684483,0.5772357723577236,123.0,1612000133397.0
HALF MOON BAY HIGH SCHOOL,2017,San Mateo,0.3477386934673366,-0.0241343608738217,0.657045753278885,0.6329113924050633,79.0,41688904132817.0
HAYWARD HIGH SCHOOL,2017,Alameda,0.6567258883248731,0.0027980456395828,0.6693331019014007,0.6721311475409836,61.0,1611920133629.0
HEALDSBURG HIGH SCHOOL,2017,Sonoma,0.4499151103565365,0.0575026256863012,0.6210688028851273,0.6785714285714286,28.0,49753904932554.0
HENRY M GUNN SENIOR HIGH SCHL,2017,Santa Clara,0.0708702449192287,-0.0206157969225485,0.7490108586509436,0.7283950617283951,324.0,43696414332904.0
HENRY T GUNDERSON HIGH SCHOOL,2017,Santa Clara,0.5894454382826476,0.056786347403783,0.645341312170685,0.7021276595744681,47.0,43696664330080.0
HERCULES HIGH SCHOOL,2017,Contra Costa,0.4056224899598393,-0.0453990933663522,0.6703990933663523,0.625,88.0,7617960730598.0
HERITAGE HIGH SCHOOL,2017,Contra Costa,0.1668667466986794,-0.0772687822636645,0.6946600866114906,0.6173913043478261,115.0,7617210107797.0
HILLSDALE HIGH SCHOOL,2017,San Mateo,0.152327221438646,0.0151834663458131,0.6644281841396238,0.6796116504854369,103.0,41690474133070.0
HOMESTEAD HIGH SCHOOL,2017,Santa Clara,0.1325805102467586,0.0152672214762054,0.7308628094835469,0.7461300309597523,323.0,43694684333316.0
INDEPENDENCE HIGH SCHOOL,2017,Santa Clara,0.4870923913043478,-0.012927741806785,0.6899463753471576,0.6770186335403726,161.0,43694274330031.0
IRVINGTON HIGH SCHOOL,2017,Alameda,0.1200533570475767,0.0247085593679706,0.7159057751030191,0.7406143344709898,293.0,1611760134270.0
JAMES LICK HIGH SCHOOL,2017,Santa Clara,0.8196428571428571,0.0168761847591768,0.6194874516044595,0.6363636363636364,33.0,43694274333639.0
JAMES LOGAN HIGH SCHOOL,2017,Alameda,0.4530666666666667,-0.1474260770986751,0.6990133786859768,0.5515873015873016,252.0,1612420134668.0
JEFFERSON HIGH SCHOOL,2017,San Mateo,0.5311653116531165,-0.070046814616737,0.6341493787193011,0.5641025641025641,39.0,41689244133393.0
JESSE M BETHEL HIGH SCHOOL,2017,Solano,0.5321272613849033,-0.125964740437348,0.6451955096681173,0.5192307692307693,52.0,48705814830147.0
JOHN F KENNEDY HIGH SCHOOL,2017,Alameda,0.3768953068592058,0.0293813951584659,0.6607594499119566,0.6901408450704225,71.0,1611760134452.0
JOHN F KENNEDY HIGH SCHOOL,2017,Contra Costa,0.8273224043715847,0.0678812949472545,0.6163292313685349,0.6842105263157895,19.0,7617960733659.0
JOHN O'CONNELL HIGH SCHOOL,2017,San Francisco,0.6155913978494624,0.0166669320181946,0.6261902108389482,0.6428571428571429,14.0,38684783834769.0
JOHN SWETT HIGH SCHOOL,2017,Contra Costa,0.5501792114695341,0.1621426630088199,0.5711906703245133,0.7333333333333333,15.0,7616970737023.0
JUNE JORDAN SCHOOL FOR EQUITY,2017,San Francisco,0.6198347107438017,-0.1925102600106301,0.6470557145560846,0.4545454545454545,11.0,38684780102103.0
KIPP KING COLLEGIATE HIGH SCH,2017,Alameda,0.6277495769881557,0.0431038314291672,0.7479409446902356,0.7910447761194029,67.0,1613090114421.0
KIPP SAN FRANCISCO COLG PREP,2017,San Francisco,0.8144329896907216,-0.0596688538787065,0.7596688538787065,0.7,40.0,38684780127530.0
KIPP SAN JOSE COLLEGIATE,2017,Santa Clara,0.732,0.0903003793834434,0.7558534667704027,0.8461538461538461,65.0,43694270116889.0
LAS LOMAS HIGH SCHOOL,2017,Contra Costa,0.0777777777777777,-0.0957343352177727,0.7064725902513298,0.610738255033557,149.0,7616300733725.0
LATINO COLLEGE PREP ACADEMY,2017,Santa Clara,0.8227272727272728,-0.1014816020412707,0.6541131809886392,0.5526315789473685,38.0,43694274330668.0
LEADERSHIP PUBLIC SCH HAYWARD,2017,Alameda,0.5986159169550173,-0.0494299853629178,0.7346151705481031,0.6851851851851852,54.0,1611920108670.0
LEADERSHIP PUBLIC SCH RICHMOND,2017,Contra Costa,0.8321167883211679,-0.0545557162425996,0.7494709704798879,0.6949152542372882,59.0,7617960101477.0
LEIGH HIGH SCHOOL,2017,Santa Clara,0.05204021289178,-0.0729290615584079,0.6961174673555094,0.6231884057971014,138.0,43694014330239.0
LELAND HIGH SCHOOL,2017,Santa Clara,0.0898458266879319,0.0729840414274223,0.7121399255147265,0.7851239669421488,242.0,43696664333522.0
LIBERTY HIGH SCHOOL,2017,Contra Costa,0.3086467623109732,-0.0120713679153648,0.6834999393439363,0.6714285714285714,70.0,7617210733980.0
LIFE ACADEMY HIGH SCHOOL,2017,Alameda,0.9087048832271762,-0.1723986424988108,0.6723986424988109,0.5,32.0,1612590130575.0
LIGHTHOUSE COMMUNITY CHAR HS,2017,Alameda,0.7923076923076923,-0.214722069279152,0.7282355827926655,0.5135135135135135,37.0,1612590108944.0
LIVE OAK HIGH SCHOOL,2017,Santa Clara,0.3662940670679278,-0.1604902264127679,0.6506863048441404,0.4901960784313725,51.0,43695834333951.0
LIVERMORE HIGH SCHOOL,2017,Alameda,0.2049723756906077,-0.0642068672537385,0.6694700251484754,0.6052631578947368,76.0,1612000134536.0
LOS ALTOS HIGH SCHOOL,2017,Santa Clara,0.1574162679425837,0.0193906836702375,0.7172164591869054,0.7366071428571429,224.0,43696094334116.0
LOS GATOS HIGH SCHOOL,2017,Santa Clara,0.025512756378189,-0.0439909520718164,0.7207150900028509,0.6767241379310345,232.0,43695344334371.0
LOWELL HIGH SCHOOL,2017,San Francisco,0.3845588235294118,-0.0517681529170463,0.7959122970611905,0.7441441441441441,555.0,38684783833407.0
LYNBROOK HIGH SCHOOL,2017,Santa Clara,0.0424688561721404,0.0967046964924434,0.7496640185913555,0.8463687150837989,358.0,43694684334421.0
MADISON PARK ACADEMY,2017,Alameda,0.93359375,-0.0179202002879029,0.6542838366515393,0.6363636363636364,22.0,1612596066450.0
MAKING WAVES ACADEMY,2017,Contra Costa,0.8437900128040973,-0.109468637632939,0.7380400662043676,0.6285714285714286,35.0,7100740114470.0
MARE ISLAND TECHNOLOGY ACADEMY,2017,Solano,0.5170212765957447,0.0081875779190205,0.7286545273441373,0.7368421052631579,38.0,48705814830196.0
MARIA CARRILLO HIGH SCHOOL,2017,Sonoma,0.1609632446134347,-0.0082586641779851,0.6457586641779851,0.6375,80.0,49709204930244.0
MCCLYMONDS HIGH SCHOOL,2017,Alameda,0.8870967741935484,-0.1490666594099018,0.6196548947040195,0.4705882352941176,17.0,1612590110189.0
MENLO ATHERTON HIGH SCHOOL,2017,San Mateo,0.3452728029987505,-0.1073532119844392,0.7184643230955504,0.6111111111111112,216.0,41690624133716.0
METWEST HIGH SCHOOL,2017,Alameda,0.7660818713450293,-0.0587031556095044,0.6469384497271515,0.5882352941176471,17.0,1612590100701.0
MIDDLE COLLEGE HIGH SCHOOL,2017,Contra Costa,0.5017543859649123,0.0965961986904494,0.6620244909647229,0.7586206896551724,29.0,7617960730291.0
MILLENNIUM HIGH SCHOOL,2017,Alameda,0.0294117647058823,-0.0236850275741749,0.6236850275741749,0.6,5.0,1612750130286.0
MILLS HIGH SCHOOL,2017,San Mateo,0.1508064516129032,0.0476388233570373,0.698936519108716,0.7465753424657534,146.0,41690474134557.0
MILPITAS HIGH SCHOOL,2017,Santa Clara,0.3060385709769206,-0.0377193421339165,0.7092169266749794,0.6714975845410628,207.0,43733874334470.0
MIRAMONTE HIGH SCHOOL,2017,Contra Costa,0.0148786217697729,-0.022123550152496,0.7227604928276552,0.7006369426751592,157.0,7616300734244.0
MISSION SAN JOSE HIGH SCHOOL,2017,Alameda,0.036445332001997,0.1299156074990677,0.7573024376137142,0.8872180451127819,399.0,1611760135244.0
MISSION SENIOR HIGH SCHOOL,2017,San Francisco,0.5687732342007435,-0.1572113768991183,0.6766918963796378,0.5194805194805194,77.0,38684783834082.0
MONTA VISTA HIGH SCHOOL,2017,Santa Clara,0.0167095115681233,0.0766350688489141,0.7582486520813184,0.8348837209302326,430.0,43694684334462.0
MONTE VISTA HIGH SCHOOL,2017,Contra Costa,0.0240709459459459,-0.0645886884633426,0.7327914534403012,0.6682027649769585,217.0,7618040734368.0
MONTGOMERY HIGH SCHOOL,2017,Sonoma,0.3117283950617284,-0.0035015271383309,0.6358544683148015,0.6323529411764706,68.0,49709204934154.0
MOUNT DIABLO HIGH SCHOOL,2017,Contra Costa,0.7418154761904762,-0.1700183193127752,0.6406065546068929,0.4705882352941176,17.0,7617540734566.0
MOUNT EDEN HIGH SCHOOL,2017,Alameda,0.6113602391629297,0.0045021947545851,0.6864068961545058,0.6909090909090909,110.0,1611920135319.0
MOUNT PLEASANT HIGH SCHOOL,2017,Santa Clara,0.6716630977872948,-0.087043779891487,0.6552255980733053,0.5681818181818182,44.0,43694274334900.0
MOUNTAIN VIEW HIGH SCHOOL,2017,Santa Clara,0.1412133891213389,-0.0087918194688934,0.7146741724100699,0.7058823529411765,204.0,43696094334728.0
NAPA HIGH SCHOOL,2017,Napa,0.4721169463995668,-0.125655044566796,0.6761137601631263,0.5504587155963303,109.0,28662662835601.0
NEW TECHNOLOGY HIGH SCHOOL,2017,Napa,0.349009900990099,-0.2179932726610891,0.6179932726610892,0.4,20.0,28662662830115.0
NEWARK MEMORIAL HIGH SCHOOL,2017,Alameda,0.4456840869054609,-0.0997726978130431,0.6243628617474694,0.5245901639344263,61.0,1612340130054.0
NORTHGATE HIGH SCHOOL,2017,Contra Costa,0.0834403080872914,-0.0367150322370483,0.7057291167440906,0.6690140845070423,142.0,7617540730044.0
NOVATO HIGH SCHOOL,2017,Marin,0.3149492017416546,-0.1455439821276184,0.6730165096001459,0.5274725274725275,91.0,21654172132272.0
OAK GROVE HIGH SCHOOL,2017,Santa Clara,0.4874264312466559,-0.0843459146782484,0.6436679485765535,0.559322033898305,59.0,43694274335204.0
OAKLAND CHARTER HIGH SCHOOL,2017,Alameda,0.8,-0.0598491392884025,0.7098491392884025,0.65,60.0,1612590114868.0
OAKLAND HIGH SCHOOL,2017,Alameda,0.8745198463508322,-0.0647170562688244,0.6820010068861083,0.6172839506172839,81.0,1612590135905.0
OAKLAND INTERNATIONAL HIGH SCH,2017,Alameda,0.9666666666666668,-0.2065089413743209,0.644008941374321,0.4375,16.0,1612590115667.0
OAKLAND MILITARY INST COL PREP,2017,Alameda,0.7247437774524158,-0.0157948608209227,0.6407948608209227,0.625,16.0,1612590130617.0
OAKLAND SCHOOL FOR THE ARTS,2017,Alameda,0.0924261874197689,-0.141414884964385,0.7128434563929564,0.5714285714285714,49.0,1612593030772.0
OAKLAND TECHNICAL HIGH SCHOOL,2017,Alameda,0.448055145248646,0.0117216510011776,0.720951616325555,0.7326732673267327,202.0,1612590136051.0
OAKLAND UNITY HIGH SCHOOL,2017,Alameda,0.8434782608695652,0.0273798312384969,0.722620168761503,0.75,16.0,1612590100065.0
OCEANA HIGH SCHOOL,2017,San Mateo,0.304857621440536,-0.0630301830909501,0.6630301830909501,0.6,30.0,41689244135075.0
PALO ALTO SENIOR HIGH SCHOOL,2017,Santa Clara,0.0888554216867469,-0.0720429691739875,0.7467834536030533,0.6747404844290658,289.0,43696414335782.0
PETALUMA HIGH SCHOOL,2017,Sonoma,0.2966292134831461,-0.1443282325682049,0.6291767174166898,0.4848484848484848,66.0,49708624935151.0
PHILLIP & SALA BURTON ACAD HS,2017,San Francisco,0.5829383886255924,-0.2236486088021114,0.6851870703405729,0.4615384615384615,91.0,38684783830254.0
PIEDMONT HIGH SCHOOL,2017,Alameda,0.0123304562268803,-0.1025574569109011,0.7197449569109011,0.6171875,128.0,1612750136515.0
PIEDMONT HILLS HIGH SCHOOL,2017,Santa Clara,0.2756200280767431,-0.0659242646879404,0.6937020424657182,0.6277777777777778,180.0,43694274335907.0
PINER HIGH SCHOOL,2017,Sonoma,0.5440494590417311,0.0270820626596278,0.5729179373403721,0.6,40.0,49709204935292.0
PINOLE VALLEY HIGH SCHOOL,2017,Contra Costa,0.5902061855670103,0.0509772370842874,0.6365227629157125,0.6875,48.0,7617960735316.0
PIONEER HIGH SCHOOL,2017,Santa Clara,0.2855392156862745,-0.1666462142060834,0.6916462142060834,0.525,120.0,43696664335949.0
PITTSBURG HIGH SCHOOL,2017,Contra Costa,0.653610055539316,-0.046334649015671,0.6784101207137843,0.6320754716981132,106.0,7617880735407.0
PROSPECT HIGH SCHOOL,2017,Santa Clara,0.2167689161554192,-0.0542622003854196,0.6566718389396365,0.6024096385542169,83.0,43694014336137.0
PUBLIC SAFETY ACADEMY,2017,Solano,0.5179640718562875,0.0531679968816068,0.6134986697850597,0.6666666666666666,12.0,48705400125310.0
RANCHO COTATE HIGH SCHOOL,2017,Sonoma,0.3328729281767956,-0.1844345627308741,0.6327104247998396,0.4482758620689655,29.0,49738824935482.0
RAOUL WALLENBERG TRADITIONAL,2017,San Francisco,0.5524256651017214,-0.037610792402178,0.687610792402178,0.65,80.0,38684783830205.0
REDWOOD HIGH SCHOOL,2017,Marin,0.0503040353786622,-0.0253290999001708,0.687020642188728,0.6616915422885572,201.0,21654822132587.0
RICHMOND HIGH SCHOOL,2017,Contra Costa,0.930188679245283,-0.1277683172675925,0.6732228627221379,0.5454545454545454,66.0,7617960735902.0
RIO VISTA HIGH SCHOOL,2017,Solano,0.4506666666666666,0.0652839458831038,0.581774877646308,0.6470588235294118,17.0,34674134835302.0
RUTH ASAWA SCHOOL OF THE ARTS,2017,San Francisco,0.2063253012048193,-0.0461511645830908,0.6836511645830908,0.6375,80.0,38684783830387.0
SAINT HELENA HIGH SCHOOL,2017,Napa,0.0938166311300639,-0.0408883492291027,0.5825550158957694,0.5416666666666666,24.0,28662902837102.0
SAN JOSE HIGH SCHOOL,2017,Santa Clara,0.7438692098092643,-0.1013681311189441,0.6601916605307089,0.5588235294117647,68.0,43696664337200.0
SAN LEANDRO HIGH SCHOOL,2017,Alameda,0.5770705521472392,-0.1214738690274102,0.6677701653237065,0.5462962962962963,108.0,1612910137588.0
SAN LORENZO HIGH SCHOOL,2017,Alameda,0.7639885222381636,-0.0518903464566183,0.6483815745267938,0.5964912280701754,57.0,1613090137810.0
SAN MARIN HIGH SCHOOL,2017,Marin,0.1741198858230256,-0.0265283957578318,0.62946957222842,0.6029411764705882,68.0,21654172133056.0
SAN MATEO HIGH SCHOOL,2017,San Mateo,0.2862275449101796,-0.0266915626901486,0.6883456980284944,0.6616541353383458,133.0,41690474136370.0
SAN RAFAEL HIGH SCHOOL,2017,Marin,0.5834621329211747,-0.1472670584334156,0.6718572223678418,0.5245901639344263,61.0,21654662133262.0
SAN RAMON VALLEY HIGH SCHOOL,2017,Contra Costa,0.0198932557011159,-0.1707351041542835,0.7309445282380531,0.5602094240837696,191.0,7618040736504.0
SANTA CLARA HIGH SCHOOL,2017,Santa Clara,0.3778869778869779,-0.0633548522155492,0.6520645296349041,0.5887096774193549,124.0,43696744330122.0
SANTA ROSA HIGH SCHOOL,2017,Sonoma,0.3328387734915924,0.0552315605226404,0.6281017728106929,0.6833333333333333,60.0,49709204936803.0
SANTA TERESA HIGH SCHOOL,2017,Santa Clara,0.2102401449932034,-0.0655571286195516,0.6814991576050589,0.6159420289855072,138.0,43694274330023.0
SARATOGA HIGH SCHOOL,2017,Santa Clara,0.0066273932253313,0.0172652388703175,0.7428973627556987,0.7601626016260162,246.0,43695344337762.0
SEQUOIA HIGH SCHOOL,2017,San Mateo,0.3767186067827681,-0.0654810974282629,0.6930673043248147,0.6275862068965518,145.0,41690624136693.0
SILVER CREEK HIGH SCHOOL,2017,Santa Clara,0.3811048839071257,-0.14304012568706,0.6933756961568587,0.5503355704697986,149.0,43694274337903.0
SKYLINE HIGH SCHOOL,2017,Alameda,0.7655995659251221,-0.0910283340616817,0.6865339520392099,0.5955056179775281,89.0,1612590137943.0
SONOMA VALLEY HIGH SCHOOL,2017,Sonoma,0.5245535714285714,-0.1541840444986488,0.6736645639791683,0.5194805194805194,77.0,49709534937256.0
SOUTH SAN FRANCISCO HS,2017,San Mateo,0.369692532942899,-0.1655032935630954,0.6655032935630955,0.5,66.0,41690704137279.0
SUMMIT PREPARATORY CHARTER HIG,2017,San Mateo,0.4906542056074766,-0.025665039368272,0.725665039368272,0.7,60.0,41690620112722.0
SUMMIT PUBLIC SCHOOL-TAHOMA,2017,Santa Clara,0.4219269102990033,0.0444190801106348,0.6863501506585958,0.7307692307692307,26.0,43104390123794.0
SUMMIT PUBLIC SCHOOLS SHASTA,2017,San Mateo,0.228235294117647,0.0246242367658603,0.7075186203769968,0.7321428571428571,56.0,41689240127548.0
TAMALPAIS HIGH SCHOOL,2017,Marin,0.074656188605108,0.0048895691684719,0.6869343302025972,0.6918238993710691,159.0,21654822133692.0
TAMISCAL HIGH SCHOOL,2017,Marin,0.074074074074074,0.1961320804206046,0.5311406468521227,0.7272727272727273,11.0,21654822130078.0
TECHNOLOGY HIGH SCHOOL,2017,Sonoma,0.0862068965517241,0.0034706774659371,0.637554963559704,0.6410256410256411,39.0,49738824930384.0
TENNYSON HIGH SCHOOL,2017,Alameda,0.763271162123386,-0.1131512160247492,0.6621708238678865,0.5490196078431373,51.0,1611920138339.0
TERRA LINDA HIGH SCHOOL,2017,Marin,0.3255411255411255,-0.1418300362386986,0.6488722897598254,0.5070422535211268,71.0,21654662134005.0
TERRA NOVA HIGH SCHOOL,2017,San Mateo,0.1894093686354379,0.06130581682543,0.6053608498412366,0.6666666666666666,36.0,41689244137535.0
THURGOOD MARSHALL ACADEMIC HS,2017,San Francisco,0.6328293736501079,0.1177326213874357,0.6213978133951729,0.7391304347826086,23.0,38684783830403.0
TOMALES HIGH SCHOOL,2017,Marin,0.6258064516129033,0.1884821289761833,0.580748640254586,0.7692307692307693,13.0,21733612134310.0
UNIVERSITY PREP ACADEMY,2017,Santa Clara,0.1834415584415584,0.0794695448325178,0.7112281295860867,0.7906976744186046,43.0,43104390113431.0
VACAVILLE HIGH SCHOOL,2017,Solano,0.3268523384130321,-0.1657479778204633,0.6868747383838436,0.5211267605633803,71.0,48705734837803.0
VALLEJO HIGH SCHOOL,2017,Solano,0.7121588089330024,0.075481192612873,0.644518807387127,0.72,25.0,48705814838504.0
VANDEN HIGH SCHOOL,2017,Solano,0.233015494636472,-0.1030542118528227,0.6630542118528228,0.56,75.0,48705654838801.0
VINTAGE HIGH SCHOOL,2017,Napa,0.4011019283746556,-0.1814876463771858,0.6748209797105191,0.4933333333333333,75.0,28662662830016.0
WASHINGTON HIGH SCHOOL,2017,Alameda,0.2224565102793885,-7.519406245204419e-05,0.6809262578922393,0.6808510638297872,141.0,1611760138693.0
WESTMONT HIGH SCHOOL,2017,Santa Clara,0.1797323135755258,-0.0046889953030541,0.6523080429221018,0.6476190476190476,105.0,43694014338505.0
WESTMOOR HIGH SCHOOL,2017,San Mateo,0.3679599499374217,-0.032873270642545,0.6650571786885221,0.632183908045977,87.0,41689244137790.0
WILL C WOOD HIGH SCHOOL,2017,Solano,0.3979343863912515,-0.0638859077700332,0.6500928043217573,0.5862068965517241,58.0,48705734830089.0
WILLIAM C OVERFELT HIGH SCHOOL,2017,Santa Clara,0.8926128590971272,-0.0215651218659029,0.660909384160985,0.639344262295082,61.0,43694274335428.0
WILLOW GLEN HIGH SCHOOL,2017,Santa Clara,0.3810637054354179,-0.0262778331683466,0.662641469531983,0.6363636363636364,121.0,43696664338950.0
WINDSOR HIGH SCHOOL,2017,Sonoma,0.2852133255406195,-0.2174780888600812,0.6410075006247871,0.4235294117647059,85.0,49753584930228.0
WOODSIDE HIGH SCHOOL,2017,San Mateo,0.3268156424581006,-0.1665929066444144,0.6933104638963228,0.5267175572519084,131.0,41690624138053.0
YERBA BUENA HIGH SCHOOL,2017,Santa Clara,0.7632607481853713,-0.0054238656542722,0.6605962794473756,0.6551724137931034,116.0,43694274330015.0
YGNACIO VALLEY HIGH SCHOOL,2017,Contra Costa,0.7287319422150883,0.076587759043021,0.6076227672727684,0.6842105263157895,19.0,7617540737809.0
ABRAHAM LINCOLN HIGH SCHOOL,2018,San Francisco,0.4987905176584422,-0.0867995800034754,0.6907995800034754,0.604,250.0,38684783833241.0
ABRAHAM LINCOLN HIGH SCHOOL,2018,Santa Clara,0.5508249068653539,-0.0968647770117117,0.6768647770117117,0.58,100.0,43696664333795.0
ACALANES HIGH SCHOOL,2018,Contra Costa,0.0508351488743645,-0.2104518775675767,0.7186485988790522,0.5081967213114754,183.0,7616300730283.0
ACE CHARTER HIGH SCHOOL,2018,Santa Clara,0.908256880733945,-0.0746181312270045,0.7412847978936712,0.6666666666666666,18.0,43694270125617.0
ADRIAN C WILCOX HIGH SCHOOL,2018,Santa Clara,0.4572736520854527,0.1384935535863897,0.5841341836398877,0.7226277372262774,137.0,43696744338802.0
ALAMEDA COMMUNITY LEARNING CTR,2018,Alameda,0.3179347826086957,0.0723616041846271,0.6644805010785307,0.7368421052631579,19.0,1611190130609.0
ALAMEDA HIGH SCHOOL,2018,Alameda,0.2308558558558558,-0.0020599932257309,0.6988925724112512,0.6968325791855203,221.0,1611190130229.0
ALAMEDA SCIENCE & TECHNICAL INST,2018,Alameda,0.3101604278074866,0.1484284645686722,0.6673610091155383,0.8157894736842105,38.0,1611190106401.0
ALBANY HIGH SCHOOL,2018,Alameda,0.2054915854738706,-0.0667198851841777,0.681098970151498,0.6143790849673203,153.0,1611270130450.0
ALHAMBRA HIGH SCHOOL,2018,Contra Costa,0.2320675105485232,-0.1858393207887282,0.6658393207887282,0.48,50.0,7617390730549.0
AMADOR VALLEY HIGH SCHOOL,2018,Alameda,0.0662177328843995,-0.0820337973774107,0.7306824460260595,0.6486486486486487,333.0,1751010130583.0
AMERICAN CANYON HIGH SCHOOL,2018,Napa,0.3511450381679389,-0.048291496402481,0.6856541337651184,0.6373626373626373,91.0,28662660121087.0
AMERICAN HIGH SCHOOL,2018,Alameda,0.1931368235811702,0.077888892309695,0.714939792949269,0.7928286852589641,251.0,1611760130062.0
ANALY HIGH SCHOOL,2018,Sonoma,0.2602620087336244,-0.1205978582720367,0.6488997450644896,0.5283018867924528,53.0,49706074930400.0
ANDREW P HILL HIGH SCHOOL,2018,Santa Clara,0.6816518557239938,-0.1056254955694986,0.6694552828035412,0.5638297872340425,94.0,43694274332995.0
ANGELO RODRIGUEZ HIGH SCHOOL,2018,Solano,0.3166485310119695,-0.1468253156287753,0.6648976047854018,0.5180722891566265,83.0,48705404830170.0
ANN SOBRATO HIGH SCHOOL,2018,Santa Clara,0.3269493844049247,0.0580155274446886,0.7006051622104837,0.7586206896551724,116.0,43695830102368.0
ANTIOCH HIGH SCHOOL,2018,Contra Costa,0.6797781139687342,-0.0219671912534796,0.6219671912534797,0.6,40.0,7616480730861.0
ARAGON HIGH SCHOOL,2018,San Mateo,0.2190359975594875,-0.053588973664282,0.7183288580573456,0.6647398843930635,173.0,41690474130217.0
ARCHIE WILLIAMS HIGH SCHOOL,2018,Marin,0.1213632585203657,-0.044420244825424,0.6953636410518391,0.6509433962264151,106.0,21654822131340.0
ARISE HIGH SCHOOL,2018,Alameda,0.8541666666666666,-0.0497761078888834,0.728347536460312,0.6785714285714286,28.0,1612590115238.0
ARMIJO HIGH SCHOOL,2018,Solano,0.6264501160092807,0.0760441020238706,0.6923769506077082,0.7684210526315789,95.0,48705404830451.0
ARROYO HIGH SCHOOL,2018,Alameda,0.5098360655737705,-0.0797263800536598,0.6815782319055117,0.6018518518518519,108.0,1613090130849.0
ASPIRE LIONEL WILSON COLG PREP,2018,Alameda,0.9048543689320389,-0.2911844514333113,0.7142613745102344,0.4230769230769231,26.0,1612590130666.0
ASPIRE RICHMOND CA COLG PREP,2018,Contra Costa,0.6884615384615385,0.0557886478913699,0.7134421213393993,0.7692307692307693,13.0,7617960132100.0
BALBOA HIGH SCHOOL,2018,San Francisco,0.6191974822974036,-0.0012048664960849,0.6678715331627516,0.6666666666666666,138.0,38684783830288.0
BENICIA HIGH SCHOOL,2018,Solano,0.230721776681061,-0.0251135066789387,0.6427605655024682,0.6176470588235294,102.0,48705244831004.0
BERKELEY HIGH SCHOOL,2018,Alameda,0.2836060314404876,0.0793788272382423,0.738355162909541,0.8177339901477833,406.0,1611430131177.0
BRANHAM HIGH SCHOOL,2018,Santa Clara,0.1794871794871795,-0.0898897374874008,0.6918314850602163,0.6019417475728155,103.0,43694014330866.0
BUCKINGHAM COLLEGIATE CHARTER,2018,Solano,0.197211155378486,-0.056210202701843,0.6214275940061909,0.5652173913043478,23.0,48705734830113.0
BURLINGAME HIGH SCHOOL,2018,San Mateo,0.119322033898305,-0.1583429586818849,0.7146343494103617,0.5562913907284768,151.0,41690474130472.0
CALIFORNIA HIGH SCHOOL,2018,Contra Costa,0.0698516105682229,-0.1394565344785886,0.725775752719631,0.5863192182410424,307.0,7618040730051.0
CALISTOGA JUNIOR SENIOR HIGH SCHOOL,2018,Napa,0.6834733893557423,0.3674690890134556,0.5737073815747795,0.9411764705882352,17.0,28662412831758.0
CAMPOLINDO HIGH SCHOOL,2018,Contra Costa,0.0392441860465116,-0.0567719932593552,0.7061226426100046,0.6493506493506493,154.0,7616300731125.0
CAPUCHINO HIGH SCHOOL,2018,San Mateo,0.3561417971970321,-0.1014073958304827,0.6847407291638161,0.5833333333333334,72.0,41690474130738.0
CARLMONT HIGH SCHOOL,2018,San Mateo,0.124084249084249,-0.0681141196665857,0.733719215207987,0.6656050955414012,314.0,41690624130993.0
CASA GRANDE HIGH SCHOOL,2018,Sonoma,0.3511137162954279,-0.2377402463015423,0.6461909505268945,0.4084507042253521,71.0,49708624930012.0
CASTLEMONT HIGH SCHOOL,2018,Alameda,0.9195804195804196,-0.1896131373803272,0.6340575818247717,0.4444444444444444,18.0,1612590125161.0
CASTRO VALLEY HIGH SCHOOL,2018,Alameda,0.2379004771642808,-0.0795688130945718,0.6567500211482632,0.5771812080536913,298.0,1611500132225.0
CHRISTOPHER HIGH SCHOOL,2018,Santa Clara,0.4076281287246722,-0.1382909552754513,0.6804596299742465,0.5421686746987951,83.0,43694840118380.0
CITY ARTS AND LEADERSHIP ACADEMY,2018,San Francisco,0.6597222222222222,-0.1978565933848312,0.7241723828585154,0.5263157894736842,19.0,38684780107300.0
CLAYTON VALLEY CHARTER HIGH SCHOOL,2018,Contra Costa,0.2208504801097393,-0.1966761425694311,0.7004929364625608,0.5038167938931297,131.0,7100740731380.0
CLOVERDALE HIGH SCHOOL,2018,Sonoma,0.5201005025125628,0.2499268941748648,0.5625731058251352,0.8125,16.0,49706564930855.0
COLISEUM COLLEGE PREP ACADEMY,2018,Alameda,0.9452631578947368,0.0268533598321941,0.6836729559572795,0.7105263157894737,38.0,1612590112797.0
COLLEGE PARK HIGH SCHOOL,2018,Contra Costa,0.2230464886251236,-0.0939114604222373,0.6691326993602904,0.5752212389380531,113.0,7617540731646.0
CONCORD HIGH SCHOOL,2018,Contra Costa,0.4939271255060729,0.0466147471961042,0.64693363990067,0.6935483870967742,62.0,7617540731836.0
CUPERTINO HIGH SCHOOL,2018,Santa Clara,0.1084967320261438,0.0250962027081722,0.7500360724241029,0.7751322751322751,378.0,43694684331799.0
DE ANZA HIGH SCHOOL,2018,Contra Costa,0.7026049204052098,-0.1354363331454137,0.6859981308982227,0.550561797752809,89.0,7617960732164.0
DEER VALLEY HIGH SCHOOL,2018,Contra Costa,0.5447306791569086,-0.0689254306431556,0.6607621653370331,0.5918367346938775,98.0,7616480730465.0
DEL MAR HIGH SCHOOL,2018,Santa Clara,0.471803018268467,0.1160379131974621,0.6617398645803156,0.7777777777777778,45.0,43694014331955.0
DESIGN TECH HIGH SCHOOL,2018,San Mateo,0.0851449275362318,-0.0157740418967869,0.7175284278616992,0.7017543859649122,57.0,41690470129759.0
DIXON HIGH SCHOOL,2018,Solano,0.4731277533039648,-0.0097718033941299,0.62977180339413,0.62,50.0,48705324832259.0
DOUGHERTY VALLEY HIGH SCHOOL,2018,Contra Costa,0.0697384806973848,-0.018980694096911,0.75939881256381,0.740418118466899,574.0,7618040113118.0
DOZIER-LIBBEY MEDICAL HIGH SCH,2018,Contra Costa,0.5226628895184136,-0.0658980092977393,0.6113525547522848,0.5454545454545454,33.0,7616480117218.0
DR TJ OWENS GILROY EARLY COLG,2018,Santa Clara,0.3333333333333333,0.0054946844301939,0.6611719822364727,0.6666666666666666,42.0,43694840114496.0
DUBLIN HIGH SCHOOL,2018,Alameda,0.1218181818181818,-0.0975505525427263,0.7183838858760597,0.6208333333333333,240.0,1750930132704.0
EAST PALO ALTO ACADEMY,2018,San Mateo,0.925,-0.0618647025204321,0.6073192479749776,0.5454545454545454,22.0,41690620126722.0
EL CAMINO HIGH,2018,San Mateo,0.2952231793265465,0.0218301787174388,0.5337253768381167,0.5555555555555556,72.0,41690704132551.0
EL CERRITO HIGH SCHOOL,2018,Contra Costa,0.4412955465587044,-0.0010649133401585,0.6790310150350738,0.6779661016949152,118.0,7617960732941.0
ELSIE ALLEN HIGH SCHOOL,2018,Sonoma,0.6618217054263565,0.0855345810127357,0.6019654189872643,0.6875,16.0,49709204930160.0
EMERY SECONDARY SCHOOL,2018,Alameda,0.7374301675977654,-0.1336276557194512,0.5336276557194513,0.4,10.0,1611680132746.0
ENVISION ACAD ARTS/TECHNOLOGY,2018,Alameda,0.7457627118644068,-0.1043334953621305,0.7471906382192735,0.6428571428571429,28.0,1100170112607.0
EVERGREEN VALLEY HIGH SCHOOL,2018,Santa Clara,0.1889495225102319,-0.087222066736549,0.7298733635665202,0.6426512968299711,347.0,43694274330692.0
FAIRFIELD HIGH SCHOOL,2018,Solano,0.7367021276595744,-0.0691946872442103,0.6291946872442103,0.56,25.0,48705404833000.0
FOOTHILL HIGH SCHOOL,2018,Alameda,0.0886948529411764,0.0238654151016927,0.710749969513692,0.7346153846153847,260.0,1751010130096.0
FREEDOM HIGH SCHOOL,2018,Contra Costa,0.3896153846153846,-0.0952475949877029,0.6873528581455977,0.5921052631578947,76.0,7617210730457.0
FREMONT HIGH SCHOOL,2018,Alameda,0.9443772672309552,-0.2294344852535659,0.6461011519202327,0.4166666666666667,36.0,1612590125716.0
FREMONT HIGH SCHOOL,2018,Santa Clara,0.3707018370230805,0.0024635609200788,0.6987559512750431,0.7012195121951219,164.0,43694684332474.0
GALILEO ACAD OF SCIENCE & TECH,2018,San Francisco,0.647187329328236,-0.1674543939895579,0.7210258225609866,0.5535714285714286,224.0,38684783831765.0
GATEWAY HIGH SCHOOL,2018,San Francisco,0.4522821576763485,-0.0927798640084733,0.7177798640084734,0.625,72.0,38684783830437.0
GEORGE WASHINGTON HIGH SCHOOL,2018,San Francisco,0.5434565434565435,-0.1805280791440209,0.72236074846673,0.5418326693227091,251.0,38684783839081.0
GILROY HIGH SCHOOL,2018,Santa Clara,0.6166868198307134,-0.1087672595607516,0.6453526254144102,0.5365853658536586,41.0,43694844332839.0
GRANADA HIGH SCHOOL,2018,Alameda,0.1923927465723131,-0.1534845684844114,0.6499384691936312,0.4964539007092198,141.0,1612000133397.0
HALF MOON BAY HIGH SCHOOL,2018,San Mateo,0.3467336683417085,-0.0314025349550035,0.646787150339619,0.6153846153846154,65.0,41688904132817.0
HAYWARD HIGH SCHOOL,2018,Alameda,0.7100186683260734,-0.0426705200198288,0.6180129857732535,0.5753424657534246,73.0,1611920133629.0
HAYWARD TWIN OAKS MONTESSORI,2018,Alameda,0.5858585858585859,-0.2169458740791102,0.6714913286245647,0.4545454545454545,11.0,1611920127944.0
HEALDSBURG HIGH SCHOOL,2018,Sonoma,0.4402173913043478,0.0135831553473503,0.6114168446526497,0.625,24.0,49753904932554.0
HENRY M GUNN SENIOR HIGH SCHL,2018,Santa Clara,0.0921314741035856,0.0248651369682324,0.6799541401402013,0.7048192771084337,332.0,43696414332904.0
HENRY T GUNDERSON HIGH SCHOOL,2018,Santa Clara,0.6083032490974729,-0.1767351753901818,0.6291161277711342,0.4523809523809524,42.0,43696664330080.0
HERCULES HIGH SCHOOL,2018,Contra Costa,0.441711229946524,-0.0254699227059262,0.6845608317968354,0.6590909090909091,88.0,7617960730598.0
HERITAGE HIGH SCHOOL,2018,Contra Costa,0.178779634667703,-0.094238803710026,0.7039949012710016,0.6097560975609756,123.0,7617210107797.0
HILLSDALE HIGH SCHOOL,2018,San Mateo,0.1994784876140808,-0.0600024891676606,0.6994582714805858,0.6394557823129252,147.0,41690474133070.0
HOMESTEAD HIGH SCHOOL,2018,Santa Clara,0.1643556280587275,-0.0200902463367691,0.7352237774940392,0.7151335311572701,337.0,43694684333316.0
INDEPENDENCE HIGH SCHOOL,2018,Santa Clara,0.5034317089910776,-0.1531248626186504,0.7069710164648043,0.5538461538461539,195.0,43694274330031.0
IRVINGTON HIGH SCHOOL,2018,Alameda,0.1516949152542372,0.0535971680374047,0.7216837308389997,0.7752808988764045,356.0,1611760134270.0
JAMES LICK HIGH SCHOOL,2018,Santa Clara,0.8371246587807097,-0.0866347065455808,0.6466347065455809,0.56,50.0,43694274333639.0
JAMES LOGAN HIGH SCHOOL,2018,Alameda,0.4642570281124498,-0.1714276589920034,0.7353374334280937,0.5639097744360902,266.0,1612420134668.0
JEFFERSON HIGH SCHOOL,2018,San Mateo,0.4982517482517482,-0.0709287775564989,0.6185478251755466,0.5476190476190477,42.0,41689244133393.0
JESSE M BETHEL HIGH SCHOOL,2018,Solano,0.5444444444444444,-0.0569180085044229,0.6603662843664919,0.603448275862069,58.0,48705814830147.0
JOHN F KENNEDY HIGH SCHOOL,2018,Alameda,0.3821609862218999,-0.0329827725907833,0.6621962557368507,0.6292134831460674,89.0,1611760134452.0
JOHN F KENNEDY HIGH SCHOOL,2018,Contra Costa,0.9648127128263336,-0.1378796958096367,0.6551210751199816,0.5172413793103449,29.0,7617960733659.0
JOHN O'CONNELL HIGH SCHOOL,2018,San Francisco,0.6631578947368421,0.0801438904178171,0.5737022634283367,0.6538461538461539,26.0,38684783834769.0
JOHN SWETT HIGH SCHOOL,2018,Contra Costa,0.5692599620493358,-0.1107487047841604,0.5869391809746366,0.4761904761904761,21.0,7616970737023.0
JUNE JORDAN SCHOOL FOR EQUITY,2018,San Francisco,0.7230769230769231,-0.0493778834657161,0.6964367069951279,0.6470588235294118,17.0,38684780102103.0
KIPP KING COLLEGIATE HIGH SCH,2018,Alameda,0.6537216828478964,0.017790044123473,0.7453678506133691,0.7631578947368421,76.0,1613090114421.0
KIPP SAN FRANCISCO COLG PREP,2018,San Francisco,0.8571428571428571,0.0482507023901265,0.7594416053021812,0.8076923076923077,52.0,38684780127530.0
KIPP SAN JOSE COLLEGIATE,2018,Santa Clara,0.6993865030674846,0.0372503840217336,0.7484639016925521,0.7857142857142857,56.0,43694270116889.0
LAS LOMAS HIGH SCHOOL,2018,Contra Costa,0.1278244028405422,-0.1184554260975156,0.6926489744846125,0.5741935483870968,155.0,7616300733725.0
LATINO COLLEGE PREP ACADEMY,2018,Santa Clara,0.7488372093023256,-0.1768377042030138,0.6670337826343863,0.4901960784313725,51.0,43694274330668.0
LEADERSHIP PUBLIC SCH HAYWARD,2018,Alameda,0.6138279932546374,0.0425956474414345,0.7394556346098475,0.782051282051282,78.0,1611920108670.0
LEADERSHIP PUBLIC SCH RICHMOND,2018,Contra Costa,0.8856152512998267,-0.1829371484524937,0.7564665602171996,0.5735294117647058,68.0,7617960101477.0
LEIGH HIGH SCHOOL,2018,Santa Clara,0.09002849002849,-0.128702111474129,0.7159114137997105,0.5872093023255814,172.0,43694014330239.0
LELAND HIGH SCHOOL,2018,Santa Clara,0.1118044721788871,0.0085360738835184,0.7303174293011949,0.7388535031847133,314.0,43696664333522.0
LIBERTY HIGH SCHOOL,2018,Contra Costa,0.3029953917050691,-0.1401261988277675,0.6885132956019611,0.5483870967741935,93.0,7617210733980.0
LIFE ACADEMY HIGH SCHOOL,2018,Alameda,0.9202586206896552,-0.1666863825700992,0.6666863825700993,0.5,22.0,1612590130575.0
LIGHTHOUSE COMMUNITY CHAR HS,2018,Alameda,0.8192307692307692,-0.0309687174531673,0.497635384119834,0.4666666666666667,30.0,1612590108944.0
LIVE OAK HIGH SCHOOL,2018,Santa Clara,0.3642553191489361,-0.0475605371869081,0.6373041269304979,0.5897435897435898,39.0,43695834333951.0
LIVERMORE HIGH SCHOOL,2018,Alameda,0.2324380165289256,-0.0926129474320178,0.6784715332906037,0.5858585858585859,99.0,1612000134536.0
LOS ALTOS HIGH SCHOOL,2018,Santa Clara,0.2059086839749328,0.0306889764590414,0.7084414583235672,0.7391304347826086,299.0,43696094334116.0
LOS GATOS HIGH SCHOOL,2018,Santa Clara,0.051916545366327,-0.1933949532438484,0.7235673670369519,0.5301724137931034,232.0,43695344334371.0
LOWELL HIGH SCHOOL,2018,San Francisco,0.3526180886122299,-0.0557522439808689,0.7799515322370968,0.7241992882562278,562.0,38684783833407.0
LUIS VALDEZ LEADERSHIP ACADEMY,2018,Santa Clara,0.7342105263157894,-0.1709606283913723,0.6709606283913724,0.5,42.0,43694270130856.0
LYNBROOK HIGH SCHOOL,2018,Santa Clara,0.0698051948051948,0.0941664322085155,0.7472314172538501,0.8413978494623656,372.0,43694684334421.0
MADISON PARK ACADEMY,2018,Alameda,0.9378238341968912,-0.1176879058437959,0.6732434613993515,0.5555555555555556,27.0,1612596066450.0
MAKING WAVES ACADEMY,2018,Contra Costa,0.8591194968553459,-0.3780362474211007,0.7370106063954597,0.358974358974359,39.0,7100740114470.0
MARE ISLAND TECHNOLOGY ACADEMY,2018,Solano,0.5691056910569106,-0.0249600074764579,0.724960007476458,0.7,30.0,48705814830196.0
MARIA CARRILLO HIGH SCHOOL,2018,Sonoma,0.3243589743589744,-0.1139349354825928,0.6451849354825928,0.53125,96.0,49709204930244.0
MCCLYMONDS HIGH SCHOOL,2018,Alameda,0.8827930174563591,-0.3009651985835569,0.647119044737403,0.3461538461538461,26.0,1612590110189.0
MENLO ATHERTON HIGH SCHOOL,2018,San Mateo,0.4061224489795918,-0.0861611416373608,0.7117535586989723,0.6255924170616114,211.0,41690624133716.0
METWEST HIGH SCHOOL,2018,Alameda,0.7586206896551724,-0.2221356182618625,0.683674079800324,0.4615384615384615,26.0,1612590100701.0
MIDDLE COLLEGE HIGH SCHOOL,2018,Contra Costa,0.5912162162162162,-0.1214786951140461,0.6959467802204292,0.574468085106383,47.0,7617960730291.0
MILLS HIGH SCHOOL,2018,San Mateo,0.2229508196721311,-0.0150703538075691,0.7099856080448573,0.6949152542372882,177.0,41690474134557.0
MILPITAS HIGH SCHOOL,2018,Santa Clara,0.3250230840258541,-0.0509829555683597,0.7164633826146231,0.6654804270462633,281.0,43733874334470.0
MIRAMONTE HIGH SCHOOL,2018,Contra Costa,0.0425531914893617,-0.1073037511673681,0.7245286315501432,0.6172248803827751,209.0,7616300734244.0
MISSION EARLY COLLEGE HIGH SCH,2018,Santa Clara,0.5,-0.0166755044289953,0.4712209589744498,0.4545454545454545,11.0,43696740135970.0
MISSION SAN JOSE HIGH SCHOOL,2018,Alameda,0.0585898709036742,0.079126863105235,0.7597993113914092,0.8389261744966443,447.0,1611760135244.0
MISSION SENIOR HIGH SCHOOL,2018,San Francisco,0.5926589077887198,0.0014157357788591,0.6711506359025569,0.672566371681416,113.0,38684783834082.0
MONTA VISTA HIGH SCHOOL,2018,Santa Clara,0.0451476793248945,0.0277941403971573,0.7627602743872369,0.7905544147843943,487.0,43694684334462.0
MONTE VISTA HIGH SCHOOL,2018,Contra Costa,0.0424217462932454,-0.1040570353137232,0.7387433821771918,0.6346863468634686,271.0,7618040734368.0
MONTGOMERY HIGH SCHOOL,2018,Sonoma,0.3721918639951427,-0.2516478361183409,0.6405367250072298,0.3888888888888889,54.0,49709204934154.0
MOUNT DIABLO HIGH SCHOOL,2018,Contra Costa,0.7600574712643678,-0.0871618266573375,0.6381822348206028,0.5510204081632653,49.0,7617540734566.0
MOUNT EDEN HIGH SCHOOL,2018,Alameda,0.654196157735086,-0.2095079840272998,0.680582364192589,0.4710743801652892,121.0,1611920135319.0
MOUNT PLEASANT HIGH SCHOOL,2018,Santa Clara,0.7074303405572755,-0.1248769035105491,0.6542886682164315,0.5294117647058824,51.0,43694274334900.0
MOUNTAIN VIEW HIGH SCHOOL,2018,Santa Clara,0.1716607414931437,-0.012856955472887,0.6926815168763958,0.6798245614035088,228.0,43696094334728.0
NAPA HIGH SCHOOL,2018,Napa,0.5356768100734522,-0.1061575210289772,0.6822444775507164,0.5760869565217391,92.0,28662662835601.0
NEW TECHNOLOGY HIGH SCHOOL,2018,Napa,0.3816793893129771,0.0474212088164355,0.6192454578502311,0.6666666666666666,18.0,28662662830115.0
NEWARK MEMORIAL HIGH SCHOOL,2018,Alameda,0.4482951369480156,-0.0952580227823411,0.6354879078398125,0.5402298850574713,87.0,1612340130054.0
NORTHGATE HIGH SCHOOL,2018,Contra Costa,0.1149047931713723,-0.1067439970264906,0.6877495836186694,0.5810055865921788,179.0,7617540730044.0
NOVATO HIGH SCHOOL,2018,Marin,0.3737864077669903,-0.1356987719007762,0.6518278041588408,0.5161290322580645,93.0,21654172132272.0
OAK GROVE HIGH SCHOOL,2018,Santa Clara,0.5443658138268916,-0.0235951385523369,0.6624840274412258,0.6388888888888888,72.0,43694274335204.0
OAKLAND CHARTER HIGH SCHOOL,2018,Alameda,0.4781553398058252,-0.02891009721352,0.7316127999162227,0.7027027027027027,74.0,1612590114868.0
OAKLAND HIGH SCHOOL,2018,Alameda,0.8730867346938775,-0.0833625084807754,0.7024101275283945,0.6190476190476191,105.0,1612590135905.0
OAKLAND INTERNATIONAL HIGH SCH,2018,Alameda,0.9618528610354224,-0.218992804929038,0.6634372493734825,0.4444444444444444,18.0,1612590115667.0
OAKLAND MILITARY INST COL PREP,2018,Alameda,0.8289290681502086,-0.1609984076422448,0.7191379425259657,0.5581395348837209,43.0,1612590130617.0
OAKLAND SCHOOL FOR THE ARTS,2018,Alameda,0.119205298013245,-0.0844891454388788,0.6998737608234943,0.6153846153846154,52.0,1612593030772.0
OAKLAND TECHNICAL HIGH SCHOOL,2018,Alameda,0.4854854854854855,-0.0015723937489625,0.7245770885846433,0.7230046948356808,213.0,1612590136051.0
OAKLAND UNITY HIGH SCHOOL,2018,Alameda,0.8526011560693642,-0.2465910571712676,0.7265910571712676,0.48,25.0,1612590100065.0
OCEANA HIGH SCHOOL,2018,San Mateo,0.3069466882067851,-0.0584740864808719,0.6738587018654874,0.6153846153846154,52.0,41689244135075.0
PALO ALTO SENIOR HIGH SCHOOL,2018,Santa Clara,0.0999034749034749,-0.0947811193760481,0.7129040967223265,0.6181229773462783,309.0,43696414335782.0
PETALUMA HIGH SCHOOL,2018,Sonoma,0.2615844544095665,-0.0896864022064642,0.6611149736350357,0.5714285714285714,84.0,49708624935151.0
PHILLIP & SALA BURTON ACAD HS,2018,San Francisco,0.6707431796801505,-0.0808935552649809,0.6703672394755072,0.5894736842105263,95.0,38684783830254.0
PIEDMONT HIGH SCHOOL,2018,Alameda,0.013530135301353,-0.0833730331896244,0.7267838859028027,0.6434108527131783,129.0,1612750136515.0
PIEDMONT HILLS HIGH SCHOOL,2018,Santa Clara,0.2915111940298507,-0.1074537587628151,0.7020483533574098,0.5945945945945946,222.0,43694274335907.0
PINER HIGH SCHOOL,2018,Sonoma,0.5895357406042742,-0.0460612645264008,0.5915158099809462,0.5454545454545454,33.0,49709204935292.0
PINOLE VALLEY HIGH SCHOOL,2018,Contra Costa,0.6188380281690141,-0.0806721014329399,0.645188230465198,0.5645161290322581,62.0,7617960735316.0
PIONEER HIGH SCHOOL,2018,Santa Clara,0.2801484230055658,-0.1388381765993268,0.6969777114830478,0.5581395348837209,129.0,43696664335949.0
PITTSBURG HIGH SCHOOL,2018,Contra Costa,0.67186171720034,-0.0657496514421824,0.6818210800136111,0.6160714285714286,112.0,7617880735407.0
PROSPECT HIGH SCHOOL,2018,Santa Clara,0.2893124574540504,-0.0022350232595578,0.6931441141686487,0.6909090909090909,110.0,43694014336137.0
PUBLIC SAFETY ACADEMY,2018,Solano,0.5338028169014084,-0.1596139586875204,0.6211524202259819,0.4615384615384615,13.0,48705400125310.0
RANCHO COTATE HIGH SCHOOL,2018,Sonoma,0.3958472873409243,0.0040479630246821,0.6490132614651137,0.6530612244897959,49.0,49738824935482.0
RAOUL WALLENBERG TRADITIONAL,2018,San Francisco,0.5353218210361067,0.0200067571754645,0.6629200720928282,0.6829268292682927,82.0,38684783830205.0
REDWOOD HIGH SCHOOL,2018,Marin,0.0866013071895424,-0.1516369934729006,0.7272672455737409,0.5756302521008403,238.0,21654822132587.0
RICHMOND HIGH SCHOOL,2018,Contra Costa,0.8510919920582396,-0.0450751448459451,0.6732802730510733,0.6282051282051282,78.0,7617960735902.0
RIO VISTA HIGH SCHOOL,2018,Solano,0.4883116883116883,-0.1904434740647745,0.5904434740647746,0.4,10.0,34674134835302.0
RUTH ASAWA SCHOOL OF THE ARTS,2018,San Francisco,0.2354497354497354,-0.1803504216908364,0.6631090423804916,0.4827586206896552,87.0,38684783830387.0
SAINT HELENA HIGH SCHOOL,2018,Napa,0.3340471092077088,-0.052931206945553,0.6181485982499009,0.5652173913043478,23.0,28662902837102.0
SAN JOSE HIGH SCHOOL,2018,Santa Clara,0.7727717923604309,-0.0138378936095451,0.6388378936095451,0.625,56.0,43696664337200.0
SAN LEANDRO HIGH SCHOOL,2018,Alameda,0.6018065487391795,-0.0573673005123538,0.6798838568037445,0.6225165562913907,151.0,1612910137588.0
SAN LORENZO HIGH SCHOOL,2018,Alameda,0.6813031161473088,-0.0992396537580826,0.6585616876563877,0.559322033898305,59.0,1613090137810.0
SAN MARIN HIGH SCHOOL,2018,Marin,0.2645454545454545,-0.0038846055216992,0.6500384516755454,0.6461538461538462,65.0,21654172133056.0
SAN MATEO HIGH SCHOOL,2018,San Mateo,0.3651651651651652,-0.0480694300355145,0.7008472078132923,0.6527777777777778,144.0,41690474136370.0
SAN RAFAEL HIGH SCHOOL,2018,Marin,0.6331582895723931,-0.1559185976043963,0.7002223950727507,0.5443037974683544,79.0,21654662133262.0
SAN RAMON VALLEY HIGH SCHOOL,2018,Contra Costa,0.0467019740009629,-0.2134862548946222,0.7236903365272753,0.5102040816326531,196.0,7618040736504.0
SANTA CLARA HIGH SCHOOL,2018,Santa Clara,0.4456468273487457,-0.1830544317959501,0.6792376379028203,0.4961832061068702,131.0,43696744330122.0
SANTA ROSA HIGH SCHOOL,2018,Sonoma,0.401305876443998,-0.0859523048098553,0.649588668446219,0.5636363636363636,55.0,49709204936803.0
SANTA TERESA HIGH SCHOOL,2018,Santa Clara,0.2346846846846846,-0.0595693004874615,0.6885001180975244,0.6289308176100629,159.0,43694274330023.0
SARATOGA HIGH SCHOOL,2018,Santa Clara,0.0192023633677991,-0.0328104685517884,0.7228931131798877,0.6900826446280992,242.0,43695344337762.0
SEQUOIA HIGH SCHOOL,2018,San Mateo,0.4927332395686826,-0.0850826807601247,0.7123016156713673,0.6272189349112426,169.0,41690624136693.0
SILVER CREEK HIGH SCHOOL,2018,Santa Clara,0.423728813559322,-0.1585482342895191,0.7135941058491522,0.555045871559633,218.0,43694274337903.0
SKYLINE HIGH SCHOOL,2018,Alameda,0.7414578587699316,-0.1288271751533072,0.6501946965208286,0.5213675213675214,117.0,1612590137943.0
SONOMA VALLEY HIGH SCHOOL,2018,Sonoma,0.547583081570997,-0.2186792289555739,0.6528897552713634,0.4342105263157895,76.0,49709534937256.0
SOUTH SAN FRANCISCO HS,2018,San Mateo,0.4567723342939481,-0.2490588956235749,0.6693487506960386,0.4202898550724637,69.0,41690704137279.0
SUMMIT PREPARATORY CHARTER HIG,2018,San Mateo,0.5203836930455635,-0.1914881381953949,0.7208999029012773,0.5294117647058824,68.0,41690620112722.0
SUMMIT PUBLIC SCHOOL-TAHOMA,2018,Santa Clara,0.3157894736842105,-0.125072626569578,0.6806281821251337,0.5555555555555556,36.0,43104390123794.0
SUMMIT PUBLIC SCHOOLS SHASTA,2018,San Mateo,0.2389380530973451,-0.1582257292325605,0.7020853783553676,0.543859649122807,57.0,41689240127548.0
TAMALPAIS HIGH SCHOOL,2018,Marin,0.1142676767676767,-0.2130381889063584,0.7080381889063584,0.495,200.0,21654822133692.0
TAMISCAL HIGH SCHOOL,2018,Marin,0.1588785046728972,-0.0938220071928378,0.6322835456543763,0.5384615384615384,13.0,21654822130078.0
TECHNOLOGY HIGH SCHOOL,2018,Sonoma,0.1533742331288343,-0.1678566239494211,0.6821423382351354,0.5142857142857142,35.0,49738824930384.0
TENNYSON HIGH SCHOOL,2018,Alameda,0.7524204702627939,0.0747096859835168,0.6621324192796411,0.7368421052631579,38.0,1611920138339.0
TERRA LINDA HIGH SCHOOL,2018,Marin,0.3900080580177276,-0.1231716833866306,0.656505016719964,0.5333333333333333,75.0,21654662134005.0
TERRA NOVA HIGH SCHOOL,2018,San Mateo,0.2199124726477024,-0.0943183286443112,0.5852274195534022,0.4909090909090909,55.0,41689244137535.0
THURGOOD MARSHALL ACADEMIC HS,2018,San Francisco,0.6417233560090703,0.0910134566686992,0.6046387172443443,0.6956521739130435,23.0,38684783830403.0
TOMALES HIGH SCHOOL,2018,Marin,0.2101449275362318,0.0753032740975456,0.6246967259024543,0.7,10.0,21733612134310.0
UNIVERSITY PREP ACADEMY,2018,Santa Clara,0.2515243902439024,0.0040205269743551,0.7152777186396799,0.7192982456140351,57.0,43104390113431.0
VACAVILLE HIGH SCHOOL,2018,Solano,0.3387349712493466,-0.2198178526752649,0.6941768270342392,0.4743589743589743,78.0,48705734837803.0
VALLEJO HIGH SCHOOL,2018,Solano,0.7205882352941176,-0.1048764366689105,0.656600574599945,0.5517241379310345,29.0,48705814838504.0
VANDEN HIGH SCHOOL,2018,Solano,0.2517201834862385,-0.0584635462302796,0.6488249920134121,0.5903614457831325,83.0,48705654838801.0
VINTAGE HIGH SCHOOL,2018,Napa,0.4124579124579124,-0.2072067653661093,0.6794289875883316,0.4722222222222222,72.0,28662662830016.0
WASHINGTON HIGH SCHOOL,2018,Alameda,0.2675257731958763,-0.0244534542112079,0.675341028175705,0.650887573964497,169.0,1611760138693.0
WESTMONT HIGH SCHOOL,2018,Santa Clara,0.2594427244582043,-0.0626306429899021,0.6752432556025147,0.6126126126126126,111.0,43694014338505.0
WESTMOOR HIGH SCHOOL,2018,San Mateo,0.4008866371120962,-0.0807986426737776,0.6614438039641003,0.5806451612903226,93.0,41689244137790.0
WILL C WOOD HIGH SCHOOL,2018,Solano,0.4259148170365927,-0.1452232605561981,0.6546572228203491,0.5094339622641509,53.0,48705734830089.0
WILLIAM C OVERFELT HIGH SCHOOL,2018,Santa Clara,0.8934480476505625,-0.1892378653280062,0.6892378653280062,0.5,82.0,43694274335428.0
WILLOW GLEN HIGH SCHOOL,2018,Santa Clara,0.375736160188457,-0.1368360203778335,0.6481996567414698,0.5113636363636364,88.0,43696664338950.0
WINDSOR HIGH SCHOOL,2018,Sonoma,0.3116578793204452,0.0539344083515305,0.6278837734666513,0.6818181818181818,44.0,49753584930228.0
WOODSIDE HIGH SCHOOL,2018,San Mateo,0.3798701298701298,-0.2028796252713797,0.7136709921778546,0.5107913669064749,139.0,41690624138053.0
YERBA BUENA HIGH SCHOOL,2018,Santa Clara,0.7368421052631579,-0.0318361922325421,0.6740380270949275,0.6422018348623854,109.0,43694274330015.0
YGNACIO VALLEY HIGH SCHOOL,2018,Contra Costa,0.7327447833065811,0.1741800607108042,0.6035977170669735,0.7777777777777778,27.0,7617540737809.0
ABRAHAM LINCOLN HIGH SCHOOL,2019,San Francisco,0.4932367149758454,-0.1370295945075812,0.7255251697288202,0.588495575221239,226.0,38684783833241.0
ABRAHAM LINCOLN HIGH SCHOOL,2019,Santa Clara,0.5368421052631579,-0.0278625712981345,0.5611959046314678,0.5333333333333333,105.0,43696664333795.0
ACALANES HIGH SCHOOL,2019,Contra Costa,0.0591760299625468,-0.0988473057494938,0.7124836693858575,0.6136363636363636,132.0,7616300730283.0
ACE CHARTER HIGH SCHOOL,2019,Santa Clara,0.7575757575757576,-0.3399950194558412,0.7149950194558412,0.375,8.0,43694270125617.0
ADRIAN C WILCOX HIGH SCHOOL,2019,Santa Clara,0.3799082100968893,0.0592157711816232,0.6854650798822065,0.7446808510638298,141.0,43696744338802.0
ALAMEDA COMMUNITY LEARNING CTR,2019,Alameda,0.2649572649572649,-0.0842469390915101,0.6556755105200816,0.5714285714285714,14.0,1611190130609.0
ALAMEDA HIGH SCHOOL,2019,Alameda,0.2099603848330503,0.058571473928656,0.6901464747892927,0.7487179487179487,195.0,1611190130229.0
ALAMEDA SCIENCE & TECHNICAL INST,2019,Alameda,0.2864583333333333,0.0075124275594758,0.6591542391071907,0.6666666666666666,36.0,1611190106401.0
ALBANY HIGH SCHOOL,2019,Alameda,0.1832191780821918,0.0606897771186653,0.6790362502785949,0.7397260273972602,146.0,1611270130450.0
ALHAMBRA HIGH SCHOOL,2019,Contra Costa,0.2215909090909091,0.0748448034223332,0.6251551965776667,0.7,40.0,7617390730549.0
ALPHA CINDY AVITIA HIGH SCHOOL,2019,Santa Clara,0.8835616438356164,-0.1740410487627883,0.752988417183841,0.5789473684210527,57.0,43694270132274.0
AMADOR VALLEY HIGH SCHOOL,2019,Alameda,0.0744563214154073,-0.0439853964343928,0.7365141320665767,0.6925287356321839,348.0,1751010130583.0
AMERICAN CANYON HIGH SCHOOL,2019,Napa,0.3246753246753247,-0.0525173588845425,0.6920522426054728,0.6395348837209303,86.0,28662660121087.0
AMERICAN HIGH SCHOOL,2019,Alameda,0.2009803921568627,0.076039215414561,0.6991545830350514,0.7751937984496124,258.0,1611760130062.0
ANALY HIGH SCHOOL,2019,Sonoma,0.2631111111111111,0.0362845401462613,0.6575930108741468,0.6938775510204082,49.0,49706074930400.0
ANDREW P HILL HIGH SCHOOL,2019,Santa Clara,0.6331012319228709,0.0229060150678113,0.669401677239881,0.6923076923076923,78.0,43694274332995.0
ANGELO RODRIGUEZ HIGH SCHOOL,2019,Solano,0.3113708820403825,-0.021612494319385,0.670548664532151,0.648936170212766,94.0,48705404830170.0
ANN SOBRATO HIGH SCHOOL,2019,Santa Clara,0.2961647727272727,-0.0178123779770704,0.6716585318232243,0.6538461538461539,104.0,43695830102368.0
ANTIOCH HIGH SCHOOL,2019,Contra Costa,0.7088791848617176,0.0333376160904665,0.6410809885606962,0.6744186046511628,43.0,7616480730861.0
ARAGON HIGH SCHOOL,2019,San Mateo,0.2250746268656716,0.013742980989566,0.7112570190104339,0.725,160.0,41690474130217.0
ARCHIE WILLIAMS HIGH SCHOOL,2019,Marin,0.1076095311299,-0.0682517348132935,0.7105281575775212,0.6422764227642277,123.0,21654822131340.0
ARISE HIGH SCHOOL,2019,Alameda,0.7160883280757098,-0.3778234200166314,0.7111567533499648,0.3333333333333333,30.0,1612590115238.0
ARMIJO HIGH SCHOOL,2019,Solano,0.6584440227703985,-0.0260276706395264,0.6678187154156459,0.6417910447761194,67.0,48705404830451.0
ARROYO HIGH SCHOOL,2019,Alameda,0.4903793293018141,-0.1123647895845703,0.7011498363135422,0.5887850467289719,107.0,1613090130849.0
ASPIRE LIONEL WILSON COLG PREP,2019,Alameda,0.8342857142857143,-0.1137230365240361,0.6999299330757602,0.5862068965517241,29.0,1612590130666.0
ASPIRE RICHMOND CA COLG PREP,2019,Contra Costa,0.6598890942698706,-0.0647897043845279,0.6801743197691433,0.6153846153846154,13.0,7617960132100.0
BALBOA HIGH SCHOOL,2019,San Francisco,0.6935086277732129,-0.0898185480658608,0.696961405208718,0.6071428571428571,112.0,38684783830288.0
BAY AREA TECHNOLOGY-BAYTECH,2019,Alameda,0.5351170568561873,-0.3487068932307771,0.6820402265641105,0.3333333333333333,12.0,1612590106906.0
BENICIA HIGH SCHOOL,2019,Solano,0.2045016077170418,0.0145363664495536,0.6557933038801166,0.6703296703296703,91.0,48705244831004.0
BERKELEY HIGH SCHOOL,2019,Alameda,0.2609384908053265,-0.0294369308874717,0.7825541378700154,0.7531172069825436,401.0,1611430131177.0
BRANHAM HIGH SCHOOL,2019,Santa Clara,0.1675915649278579,0.0563106838004777,0.6913528676013914,0.7476635514018691,107.0,43694014330866.0
BUCKINGHAM COLLEGIATE CHARTER,2019,Solano,0.202,-0.1401527253231421,0.6401527253231422,0.5,12.0,48705734830113.0
BURLINGAME HIGH SCHOOL,2019,San Mateo,0.1226541554959785,-0.0811416947406643,0.7218602576149159,0.6407185628742516,167.0,41690474130472.0
CALIFORNIA HIGH SCHOOL,2019,Contra Costa,0.0648181490817428,-0.0516522893520247,0.7195223254531078,0.6678700361010831,277.0,7618040730051.0
CALISTOGA JUNIOR SENIOR HIGH SCHOOL,2019,Napa,0.6517150395778364,0.1267422368953992,0.5399244297712674,0.6666666666666666,9.0,28662412831758.0
CAMPOLINDO HIGH SCHOOL,2019,Contra Costa,0.0341394025604551,-0.026913996032608,0.7331286852981448,0.7062146892655368,177.0,7616300731125.0
CAPUCHINO HIGH SCHOOL,2019,San Mateo,0.3740522325189553,-0.062814617108766,0.6684484199256674,0.6056338028169014,71.0,41690474130738.0
CARLMONT HIGH SCHOOL,2019,San Mateo,0.1150722021660649,-0.1077993060105982,0.6941302412623969,0.5863309352517986,278.0,41690624130993.0
CASA GRANDE HIGH SCHOOL,2019,Sonoma,0.3636890951276102,-0.1034158861883924,0.6450825528550591,0.5416666666666666,72.0,49708624930012.0
CASTLEMONT HIGH SCHOOL,2019,Alameda,0.9125748502994012,-0.4090793344675205,0.6363520617402477,0.2272727272727272,22.0,1612590125161.0
CASTRO VALLEY HIGH SCHOOL,2019,Alameda,0.2219477769936485,-0.022014547749445,0.7090064176681442,0.6869918699186992,246.0,1611500132225.0
CHRISTOPHER HIGH SCHOOL,2019,Santa Clara,0.4082259054634745,-0.012166731043104,0.6957110348405724,0.6835443037974683,79.0,43694840118380.0
CIRCLE OF INDEPENDENT LEARNING,2019,Alameda,0.3206521739130434,0.196454739527956,0.503545260472044,0.7,10.0,1611760130534.0
CITY ARTS AND LEADERSHIP ACADEMY,2019,San Francisco,0.7572463768115942,-0.0921867017033125,0.7285503380669489,0.6363636363636364,22.0,38684780107300.0
CLAYTON VALLEY CHARTER HIGH SCHOOL,2019,Contra Costa,0.2049180327868852,-0.0820079373866917,0.704230159608914,0.6222222222222222,135.0,7100740731380.0
CLOVERDALE HIGH SCHOOL,2019,Sonoma,0.5464190981432361,0.1525933371450916,0.5616923771406227,0.7142857142857143,7.0,49706564930855.0
COLISEUM COLLEGE PREP ACADEMY,2019,Alameda,0.940329218106996,0.2321438866565054,0.4975858430732243,0.7297297297297297,37.0,1612590112797.0
COLLEGE PARK HIGH SCHOOL,2019,Contra Costa,0.2554027504911591,-0.0671799515165406,0.6584842993426276,0.591304347826087,115.0,7617540731646.0
CONCORD HIGH SCHOOL,2019,Contra Costa,0.5342960288808665,-0.0587960845837007,0.6503453803583487,0.5915492957746479,71.0,7617540731836.0
CUPERTINO HIGH SCHOOL,2019,Santa Clara,0.092407809110629,0.0088928866378289,0.7467746196594003,0.7556675062972292,397.0,43694684331799.0
DE ANZA HIGH SCHOOL,2019,Contra Costa,0.7244152046783626,0.0061204945086862,0.7047228789852896,0.7108433734939759,83.0,7617960732164.0
DEER VALLEY HIGH SCHOOL,2019,Contra Costa,0.5986908358509567,0.0644006663418832,0.6424958853822547,0.7068965517241379,58.0,7616480730465.0
DEL MAR HIGH SCHOOL,2019,Santa Clara,0.4946153846153846,-0.1624397692301147,0.6624397692301147,0.5,50.0,43694014331955.0
DESIGN TECH HIGH SCHOOL,2019,San Mateo,0.1063063063063063,-0.0418185038335987,0.7136935038335988,0.671875,64.0,41690470129759.0
DIXON HIGH SCHOOL,2019,Solano,0.463081130355515,-0.0255556780886451,0.6255556780886451,0.6,50.0,48705324832259.0
DOUGHERTY VALLEY HIGH SCHOOL,2019,Contra Costa,0.0660462323626538,-0.0316500118147027,0.7491221307738105,0.7174721189591078,538.0,7618040113118.0
DOZIER-LIBBEY MEDICAL HIGH SCH,2019,Contra Costa,0.5568022440392707,-0.2351857407696589,0.6280428836268017,0.3928571428571428,28.0,7616480117218.0
DR TJ OWENS GILROY EARLY COLG,2019,Santa Clara,0.3573770491803278,-0.11308559851228,0.6908633762900578,0.5777777777777777,45.0,43694840114496.0
DUBLIN HIGH SCHOOL,2019,Alameda,0.1000671591672263,0.0034232310379963,0.7136820321198983,0.7171052631578947,304.0,1750930132704.0
EAST PALO ALTO ACADEMY,2019,San Mateo,0.8818681318681318,-0.1800455335463339,0.6010981651252812,0.4210526315789473,19.0,41690620126722.0
EL CAMINO HIGH,2019,San Mateo,0.2849250197316496,0.0394268441492446,0.5336068637159238,0.5730337078651685,89.0,41690704132551.0
EL CERRITO HIGH SCHOOL,2019,Contra Costa,0.4209827357237716,0.0373108844898459,0.6769748297958683,0.7142857142857143,112.0,7617960732941.0
ELSIE ALLEN HIGH SCHOOL,2019,Sonoma,0.6737044145873321,-0.0869920126324054,0.5869920126324054,0.5,10.0,49709204930160.0
EMERY SECONDARY SCHOOL,2019,Alameda,0.8133971291866029,0.03181709958387,0.56818290041613,0.6,10.0,1611680132746.0
ENVISION ACAD ARTS/TECHNOLOGY,2019,Alameda,0.7948051948051948,-0.2032412076840628,0.7486957531386083,0.5454545454545454,22.0,1100170112607.0
EVERGREEN VALLEY HIGH SCHOOL,2019,Santa Clara,0.160418777440054,-0.0689122175904366,0.7391535044537074,0.6702412868632708,373.0,43694274330692.0
FAIRFIELD HIGH SCHOOL,2019,Solano,0.7186030893216924,0.0206241749565585,0.6332219788895953,0.6538461538461539,26.0,48705404833000.0
FOOTHILL HIGH SCHOOL,2019,Alameda,0.1019283746556473,-0.0122702423180752,0.7179154036083979,0.7056451612903226,248.0,1751010130096.0
FREEDOM HIGH SCHOOL,2019,Contra Costa,0.3916570104287369,-0.0230269618388784,0.6849987928247939,0.6619718309859155,71.0,7617210730457.0
FREMONT HIGH SCHOOL,2019,Alameda,0.9442282749675746,-0.1633470101239446,0.6784985252754597,0.5151515151515151,33.0,1612590125716.0
FREMONT HIGH SCHOOL,2019,Santa Clara,0.3094666025949062,0.0732362589375007,0.702126059903079,0.7753623188405797,138.0,43694684332474.0
GALILEO ACAD OF SCIENCE & TECH,2019,San Francisco,0.6657488986784141,-0.1885258628556487,0.7377486607831099,0.5492227979274611,193.0,38684783831765.0
GATEWAY HIGH SCHOOL,2019,San Francisco,0.4175365344467641,-0.1115974853036544,0.7008831995893687,0.5892857142857143,56.0,38684783830437.0
GEORGE WASHINGTON HIGH SCHOOL,2019,San Francisco,0.4932330827067669,-0.1560510513156665,0.7274796227442379,0.5714285714285714,217.0,38684783839081.0
GILROY HIGH SCHOOL,2019,Santa Clara,0.6015531660692951,-0.1312457230486838,0.6697072615102223,0.5384615384615384,39.0,43694844332839.0
GRANADA HIGH SCHOOL,2019,Alameda,0.2028921998247151,-0.0849575739471696,0.6660386550282507,0.581081081081081,148.0,1612000133397.0
HALF MOON BAY HIGH SCHOOL,2019,San Mateo,0.3636363636363636,0.0506227133938209,0.6474904941533488,0.6981132075471698,53.0,41688904132817.0
HAYWARD HIGH SCHOOL,2019,Alameda,0.6872327428222358,-0.0550599328265938,0.6723438834438777,0.6172839506172839,81.0,1611920133629.0
HAYWARD TWIN OAKS MONTESSORI,2019,Alameda,0.5963302752293578,-0.2451626350795066,0.6997080896249611,0.4545454545454545,22.0,1611920127944.0
HEALDSBURG HIGH SCHOOL,2019,Sonoma,0.4367816091954023,-0.0257545253008778,0.6257545253008778,0.6,35.0,49753904932554.0
HENRY M GUNN SENIOR HIGH SCHL,2019,Santa Clara,0.0712861415752741,-0.0951927565331799,0.7557988171392406,0.6606060606060606,330.0,43696414332904.0
HENRY T GUNDERSON HIGH SCHOOL,2019,Santa Clara,0.565416285452882,0.1463582857788963,0.5344927780508909,0.6808510638297872,47.0,43696664330080.0
HERCULES HIGH SCHOOL,2019,Contra Costa,0.433679354094579,-0.1193769653751402,0.6749325209306958,0.5555555555555556,54.0,7617960730598.0
HERITAGE HIGH SCHOOL,2019,Contra Costa,0.1761297798377752,-0.1229372888029227,0.6984089869161303,0.5754716981132075,106.0,7617210107797.0
HILLSDALE HIGH SCHOOL,2019,San Mateo,0.2192479286169534,-0.0691492305421842,0.704663249233773,0.6355140186915887,107.0,41690474133070.0
HOMESTEAD HIGH SCHOOL,2019,Santa Clara,0.1447422680412371,-0.0304905844222429,0.7406816672247907,0.7101910828025477,314.0,43694684333316.0
IMPACT ACAD ARTS/TECHNOLOGY,2019,Alameda,0.6425178147268409,-0.2519206826635741,0.7376349683778598,0.4857142857142857,35.0,1611920137646.0
INDEPENDENCE HIGH SCHOOL,2019,San Francisco,0.5268817204301075,0.0064553459940408,0.5935446540059591,0.6,5.0,38684783830197.0
INDEPENDENCE HIGH SCHOOL,2019,Santa Clara,0.4773676880222841,-0.1063231019342089,0.6977865165683552,0.5914634146341463,164.0,43694274330031.0
IRVINGTON HIGH SCHOOL,2019,Alameda,0.1669572798605056,0.0388289683025705,0.7103459491891786,0.7491749174917491,303.0,1611760134270.0
JAMES LICK HIGH SCHOOL,2019,Santa Clara,0.8328584995251662,-0.0680477435401287,0.6494430923773381,0.5813953488372093,43.0,43694274333639.0
JAMES LOGAN HIGH SCHOOL,2019,Alameda,0.4382393397524071,-0.0690795328911457,0.7070105673739044,0.6379310344827587,232.0,1612420134668.0
JEFFERSON HIGH SCHOOL,2019,San Mateo,0.4437140509449466,-0.0192522833500023,0.6392522833500024,0.62,50.0,41689244133393.0
JESSE M BETHEL HIGH SCHOOL,2019,Solano,0.5363300492610837,-0.1971122414908168,0.6471122414908168,0.45,60.0,48705814830147.0
JOHN F KENNEDY HIGH SCHOOL,2019,Alameda,0.4326625386996904,0.0146910524858259,0.6476466098518364,0.6623376623376623,77.0,1611760134452.0
JOHN F KENNEDY HIGH SCHOOL,2019,Contra Costa,0.9377203290246768,0.0778441214879915,0.6554892118453417,0.7333333333333333,15.0,7617960733659.0
JOHN O'CONNELL HIGH SCHOOL,2019,San Francisco,0.6729166666666667,-0.1474475469408441,0.5974475469408441,0.45,20.0,38684783834769.0
JOHN SWETT HIGH SCHOOL,2019,Contra Costa,0.4900662251655629,-0.0004199770742026,0.6194675961218217,0.6190476190476191,21.0,7616970737023.0
JUNE JORDAN SCHOOL FOR EQUITY,2019,San Francisco,0.7253218884120172,-0.0386051514838177,0.6268404456014648,0.5882352941176471,17.0,38684780102103.0
KIPP KING COLLEGIATE HIGH SCH,2019,Alameda,0.6261682242990654,0.04962038690389,0.7527051944914588,0.8023255813953488,86.0,1613090114421.0
KIPP SAN FRANCISCO COLG PREP,2019,San Francisco,0.9404466501240696,0.0031232229268612,0.7468767770731387,0.75,24.0,38684780127530.0
KIPP SAN JOSE COLLEGIATE,2019,Santa Clara,0.6943396226415094,0.1020585844685323,0.7479414155314676,0.85,60.0,43694270116889.0
LAS LOMAS HIGH SCHOOL,2019,Contra Costa,0.1199250468457214,-0.0555731553202265,0.7030551697087157,0.6474820143884892,139.0,7616300733725.0
LATINO COLLEGE PREP ACADEMY,2019,Santa Clara,0.8146341463414634,-0.0188819799830879,0.6126319799830879,0.59375,32.0,43694274330668.0
LEADERSHIP PUBLIC SCH HAYWARD,2019,Alameda,0.6218487394957983,0.0694208146067798,0.7361347409487757,0.8055555555555556,72.0,1611920108670.0
LEADERSHIP PUBLIC SCH RICHMOND,2019,Contra Costa,0.8576214405360134,-0.081532048695338,0.7615320486953381,0.68,75.0,7617960101477.0
LEIGH HIGH SCHOOL,2019,Santa Clara,0.0948081264108352,-0.1172936831330634,0.7075714609108412,0.5902777777777778,144.0,43694014330239.0
LELAND HIGH SCHOOL,2019,Santa Clara,0.1022430881585811,0.1279657960563563,0.5362677805859793,0.6642335766423357,274.0,43696664333522.0
LIBERTY HIGH SCHOOL,2019,Contra Costa,0.2728951255539143,0.0072401237163921,0.6940585775823092,0.7012987012987013,77.0,7617210733980.0
LIFE ACADEMY HIGH SCHOOL,2019,Alameda,0.9092872570194384,0.4010662605881524,0.5080246485027567,0.9090909090909092,22.0,1612590130575.0
LIGHTHOUSE COMMUNITY CHAR HS,2019,Alameda,0.7892857142857143,-0.2518547587900046,0.7206047587900046,0.46875,32.0,1612590108944.0
LIVE OAK HIGH SCHOOL,2019,Santa Clara,0.3617571059431524,-0.0242986523156137,0.6492986523156138,0.625,56.0,43695834333951.0
LIVERMORE HIGH SCHOOL,2019,Alameda,0.2438764643237486,-0.0369625389182173,0.6805268953538609,0.6435643564356436,101.0,1612000134536.0
LOS ALTOS HIGH SCHOOL,2019,Santa Clara,0.1665918275707229,-0.0784380737892586,0.7312682624685038,0.6528301886792452,265.0,43696094334116.0
LOS GATOS HIGH SCHOOL,2019,Santa Clara,0.0486435921421889,-0.1457303046956992,0.72565595525332,0.5799256505576208,269.0,43695344334371.0
LOWELL HIGH SCHOOL,2019,San Francisco,0.354001441961067,-0.0550078619515301,0.7851049493301709,0.7300970873786408,515.0,38684783833407.0
LUIS VALDEZ LEADERSHIP ACADEMY,2019,Santa Clara,0.7603305785123967,0.0477858709221313,0.6813807957445353,0.7291666666666666,48.0,43694270130856.0
LYNBROOK HIGH SCHOOL,2019,Santa Clara,0.0547872340425531,0.0498523292849794,0.7435902936658403,0.7934426229508197,305.0,43694684334421.0
MADISON PARK ACADEMY,2019,Alameda,0.9457364341085271,-0.1829850131973764,0.6829850131973765,0.5,14.0,1612596066450.0
MAKING WAVES ACADEMY,2019,Contra Costa,0.8308510638297872,-0.1873978481622842,0.7391219860933187,0.5517241379310345,58.0,7100740114470.0
MARE ISLAND TECHNOLOGY ACADEMY,2019,Solano,0.5580952380952381,-0.1171307782470806,0.7421307782470806,0.625,32.0,48705814830196.0
MARIA CARRILLO HIGH SCHOOL,2019,Sonoma,0.2038303693570451,-0.0768618200754563,0.6619682030541798,0.5851063829787234,94.0,49709204930244.0
MCCLYMONDS HIGH SCHOOL,2019,Alameda,0.856396866840731,-0.4131750956655592,0.6200716473896971,0.2068965517241379,29.0,1612590110189.0
MENLO ATHERTON HIGH SCHOOL,2019,San Mateo,0.3871096877502001,-0.1320471626085104,0.7157575698483295,0.583710407239819,221.0,41690624133716.0
METWEST HIGH SCHOOL,2019,Alameda,0.8,-0.3575477692592155,0.6700477692592155,0.3125,16.0,1612590100701.0
MIDDLE COLLEGE HIGH SCHOOL,2019,Contra Costa,0.5416666666666666,0.0544345709643079,0.7102713113886332,0.7647058823529411,34.0,7617960730291.0
MILLS HIGH SCHOOL,2019,San Mateo,0.2064297800338409,0.0344770762015294,0.7139891814671823,0.7484662576687117,163.0,41690474134557.0
MILPITAS HIGH SCHOOL,2019,Santa Clara,0.3106704438149197,-0.11549366758841,0.7170262346382185,0.6015325670498084,261.0,43733874334470.0
MIRAMONTE HIGH SCHOOL,2019,Contra Costa,0.0404354587869362,-0.0325672377680003,0.7231749725746301,0.6906077348066298,181.0,7616300734244.0
MISSION EARLY COLLEGE HIGH SCH,2019,Santa Clara,0.4356435643564356,-0.1636170489934424,0.6080614934378868,0.4444444444444444,9.0,43696740135970.0
MISSION SAN JOSE HIGH SCHOOL,2019,Alameda,0.0674486803519061,0.1771955101548311,0.690103068044221,0.8672985781990521,422.0,1611760135244.0
MISSION SENIOR HIGH SCHOOL,2019,San Francisco,0.5905368516833485,-0.0747203211465051,0.6907917497179338,0.6160714285714286,112.0,38684783834082.0
MONTA VISTA HIGH SCHOOL,2019,Santa Clara,0.0457343887423043,-0.01431299367241,0.7604154435610514,0.7461024498886414,449.0,43694684334462.0
MONTE VISTA HIGH SCHOOL,2019,Contra Costa,0.0392156862745098,-0.1536318671116938,0.7353051738846023,0.5816733067729084,251.0,7618040734368.0
MONTGOMERY HIGH SCHOOL,2019,Sonoma,0.3593179049939098,-0.1131964531143598,0.6131964531143599,0.5,44.0,49709204934154.0
MOUNT DIABLO HIGH SCHOOL,2019,Contra Costa,0.7990331491712708,0.1098642012385661,0.6401357987614339,0.75,40.0,7617540734566.0
MOUNT EDEN HIGH SCHOOL,2019,Alameda,0.6538655886811521,0.0202183978325991,0.6927445651303638,0.7129629629629629,108.0,1611920135319.0
MOUNT PLEASANT HIGH SCHOOL,2019,Santa Clara,0.6380802517702596,-0.0356027114635905,0.6646349695281066,0.6290322580645161,62.0,43694274334900.0
MOUNTAIN VIEW HIGH SCHOOL,2019,Santa Clara,0.1542192046556741,-0.1149462394211693,0.7339938584687884,0.6190476190476191,252.0,43696094334728.0
NAPA HIGH SCHOOL,2019,Napa,0.5216701902748414,-0.0038824412262449,0.6913824412262449,0.6875,64.0,28662662835601.0
NEW TECHNOLOGY HIGH SCHOOL,2019,Napa,0.3597122302158273,0.2576298775644007,0.6247230636120699,0.8823529411764706,17.0,28662662830115.0
NEWARK MEMORIAL HIGH SCHOOL,2019,Alameda,0.4547048509643483,-0.1500746952710345,0.6339456630129701,0.4838709677419355,62.0,1612340130054.0
NORTHGATE HIGH SCHOOL,2019,Contra Costa,0.1241610738255033,-0.0119277099843295,0.6926506015505947,0.6807228915662651,166.0,7617540730044.0
NOVATO HIGH SCHOOL,2019,Marin,0.3489361702127659,-0.1784407762278165,0.6841879026645982,0.5057471264367817,87.0,21654172132272.0
OAK GROVE HIGH SCHOOL,2019,Santa Clara,0.471687429218573,0.0214501909256688,0.6452164757409978,0.6666666666666666,75.0,43694274335204.0
OAKLAND CHARTER HIGH SCHOOL,2019,Alameda,0.8278867102396514,0.0239332497305047,0.511278017875129,0.5352112676056338,71.0,1612590114868.0
OAKLAND HIGH SCHOOL,2019,Alameda,0.8702801461632156,-0.1245301894788979,0.7045301894788979,0.58,100.0,1612590135905.0
OAKLAND INTERNATIONAL HIGH SCH,2019,Alameda,0.9701897018970188,-0.2048334440003378,0.6715001106670045,0.4666666666666667,15.0,1612590115667.0
OAKLAND MILITARY INST COL PREP,2019,Alameda,0.7698519515477793,-0.1546226612868952,0.6784321850964191,0.5238095238095238,42.0,1612590130617.0
OAKLAND SCHOOL FOR THE ARTS,2019,Alameda,0.1348464619492657,-0.0239033543437625,0.6535329839733922,0.6296296296296297,54.0,1612593030772.0
OAKLAND TECHNICAL HIGH SCHOOL,2019,Alameda,0.4771825396825397,-0.0421433485356014,0.734784041176294,0.6926406926406926,231.0,1612590136051.0
OAKLAND UNITY HIGH SCHOOL,2019,Alameda,0.8523676880222841,0.1564890968051069,0.7185109031948931,0.875,24.0,1612590100065.0
OCEANA HIGH SCHOOL,2019,San Mateo,0.1869782971619365,-0.174576521701413,0.6467987439236352,0.4722222222222222,36.0,41689244135075.0
PALO ALTO SENIOR HIGH SCHOOL,2019,Santa Clara,0.0786252354048964,-0.1596139589570364,0.7516384988343371,0.5920245398773006,326.0,43696414335782.0
PETALUMA HIGH SCHOOL,2019,Sonoma,0.2516411378555798,-0.1024032323594288,0.6619270418832384,0.5595238095238095,84.0,49708624935151.0
PHILLIP & SALA BURTON ACAD HS,2019,San Francisco,0.6657509157509157,-0.0484775716286981,0.6830929562440827,0.6346153846153846,104.0,38684783830254.0
PIEDMONT HIGH SCHOOL,2019,Alameda,0.0128654970760233,-0.0630066827087894,0.7270691827087894,0.6640625,128.0,1612750136515.0
PIEDMONT HILLS HIGH SCHOOL,2019,Santa Clara,0.2565597667638484,-0.074555530449097,0.7029708309955451,0.6284153005464481,183.0,43694274335907.0
PINER HIGH SCHOOL,2019,Sonoma,0.5187319884726225,0.0615246622173349,0.6051420044493316,0.6666666666666666,42.0,49709204935292.0
PINOLE VALLEY HIGH SCHOOL,2019,Contra Costa,0.5946428571428571,-0.1650562899631371,0.6387405004894529,0.4736842105263157,57.0,7617960735316.0
PIONEER HIGH SCHOOL,2019,Santa Clara,0.250625,0.1387634879756119,0.5356551166755509,0.6744186046511628,129.0,43696664335949.0
PITTSBURG HIGH SCHOOL,2019,Contra Costa,0.6476350405821438,-0.0708673828366938,0.689049201018512,0.6181818181818182,110.0,7617880735407.0
PROSPECT HIGH SCHOOL,2019,Santa Clara,0.2797427652733119,-0.0094362090646644,0.6859067972999586,0.6764705882352942,102.0,43694014336137.0
PUBLIC SAFETY ACADEMY,2019,Solano,0.5,0.1281355003712835,0.6365703819816576,0.7647058823529411,17.0,48705400125310.0
RANCHO COTATE HIGH SCHOOL,2019,Sonoma,0.3774086378737541,-0.0494156349017412,0.6263387118248182,0.5769230769230769,26.0,49738824935482.0
RAOUL WALLENBERG TRADITIONAL,2019,San Francisco,0.5207667731629393,-0.0614648334133197,0.6989648334133197,0.6375,80.0,38684783830205.0
REDWOOD HIGH SCHOOL,2019,Marin,0.0778008298755186,-0.188875041484976,0.7415066204323445,0.5526315789473685,228.0,21654822132587.0
RICHMOND HIGH SCHOOL,2019,Contra Costa,0.8966177409061902,-0.0990540215316578,0.6823873548649912,0.5833333333333334,96.0,7617960735902.0
RIO VISTA HIGH SCHOOL,2019,Solano,0.4987893462469733,0.0143466435160214,0.6220169928476149,0.6363636363636364,22.0,34674134835302.0
ROBERTO CRUZ LEADERSHIP ACDMY,2019,Santa Clara,0.8333333333333334,-0.2586516585609014,0.6115928350314896,0.3529411764705882,17.0,43694270131995.0
RUTH ASAWA SCHOOL OF THE ARTS,2019,San Francisco,0.1861635220125786,0.1217056153843451,0.6940838582998654,0.8157894736842105,76.0,38684783830387.0
SAINT HELENA HIGH SCHOOL,2019,Napa,0.3420523138832998,-0.1323595337789274,0.6180738194932132,0.4857142857142857,35.0,28662902837102.0
SAN JOSE HIGH SCHOOL,2019,Santa Clara,0.7172675521821632,0.1622077423962405,0.5354666762084106,0.6976744186046512,43.0,43696664337200.0
SAN LEANDRO HIGH SCHOOL,2019,Alameda,0.5833333333333334,-0.1387388867408506,0.6871259835150442,0.5483870967741935,155.0,1612910137588.0
SAN LORENZO HIGH SCHOOL,2019,Alameda,0.6553002223869533,-0.0303520879758881,0.6533029076480193,0.6229508196721312,61.0,1613090137810.0
SAN MARIN HIGH SCHOOL,2019,Marin,0.239647577092511,0.0059028800457933,0.6764500611306773,0.6823529411764706,85.0,21654172133056.0
SAN MATEO HIGH SCHOOL,2019,San Mateo,0.3584354932866316,-0.0838857311795107,0.7080895528355616,0.6242038216560509,157.0,41690474136370.0
SAN RAFAEL HIGH SCHOOL,2019,Marin,0.6219054763690923,-0.1374007852759251,0.6879625830287341,0.550561797752809,89.0,21654662133262.0
SAN RAMON VALLEY HIGH SCHOOL,2019,Contra Costa,0.0401146131805157,-0.1458107835920506,0.7206610829932483,0.5748502994011976,167.0,7618040736504.0
SANTA CLARA HIGH SCHOOL,2019,Santa Clara,0.3990849008642603,-0.0245495379591631,0.6561284853275842,0.631578947368421,114.0,43696744330122.0
SANTA ROSA HIGH SCHOOL,2019,Sonoma,0.3732032854209445,0.0219005902039676,0.6359941466381377,0.6578947368421053,76.0,49709204936803.0
SANTA TERESA HIGH SCHOOL,2019,Santa Clara,0.2144522144522144,-0.1293202526481011,0.6913037237224813,0.5619834710743802,121.0,43694274330023.0
SARATOGA HIGH SCHOOL,2019,Santa Clara,0.0189642596644784,-0.0412312316356239,0.7284559012391482,0.6872246696035242,227.0,43695344337762.0
SEQUOIA HIGH SCHOOL,2019,San Mateo,0.4891146589259796,-0.0337693539870583,0.700436020653725,0.6666666666666666,141.0,41690624136693.0
SILVER CREEK HIGH SCHOOL,2019,Santa Clara,0.3897330595482546,-0.0774851638873537,0.7101382251118435,0.6326530612244898,196.0,43694274337903.0
SKYLINE HIGH SCHOOL,2019,Alameda,0.7255025125628141,-0.1688205303420975,0.7048205303420976,0.536,125.0,1612590137943.0
SONOMA VALLEY HIGH SCHOOL,2019,Sonoma,0.5458750963762529,-0.1929266438344283,0.6698497207575053,0.4769230769230769,65.0,49709534937256.0
SOUTH SAN FRANCISCO HS,2019,San Mateo,0.4398183194549583,0.020540321645443,0.5756135245084031,0.5961538461538461,52.0,41690704137279.0
SUMMIT PREPARATORY CHARTER HIG,2019,San Mateo,0.5308370044052864,0.0545464344654794,0.7162868988678539,0.7708333333333334,48.0,41690620112722.0
SUMMIT PUBLIC SCHOOL-TAHOMA,2019,Santa Clara,0.3456464379947229,-0.011491003891566,0.6944178331598588,0.6829268292682927,41.0,43104390123794.0
SUMMIT PUBLIC SCHOOLS SHASTA,2019,San Mateo,0.1832993890020366,-0.0454376505434106,0.7054376505434107,0.66,50.0,41689240127548.0
TAMALPAIS HIGH SCHOOL,2019,Marin,0.0974230043997485,-0.1220632184820522,0.7220632184820522,0.6,195.0,21654822133692.0
TAMISCAL HIGH SCHOOL,2019,Marin,0.064516129032258,-0.227033829936705,0.6270338299367051,0.4,10.0,21654822130078.0
TECHNOLOGY HIGH SCHOOL,2019,Sonoma,0.1625766871165644,-0.2547334474468846,0.6008872936007307,0.3461538461538461,26.0,49738824930384.0
TENNYSON HIGH SCHOOL,2019,Alameda,0.7631763879128601,0.0504068276898697,0.6465628692798273,0.696969696969697,33.0,1611920138339.0
TERRA LINDA HIGH SCHOOL,2019,Marin,0.3878048780487805,0.0463505285734382,0.6980939158710062,0.7444444444444445,90.0,21654662134005.0
TERRA NOVA HIGH SCHOOL,2019,San Mateo,0.1637931034482758,0.120030903616129,0.6096988261136007,0.7297297297297297,37.0,41689244137535.0
THURGOOD MARSHALL ACADEMIC HS,2019,San Francisco,0.6238938053097345,0.0446884412994218,0.5435468528182252,0.5882352941176471,17.0,38684783830403.0
TOMALES HIGH SCHOOL,2019,Marin,0.6730769230769231,-0.2022955828178882,0.6189622494845549,0.4166666666666667,12.0,21733612134310.0
UNIVERSITY PREP ACADEMY,2019,Santa Clara,0.1637426900584795,0.0553833884531673,0.7160451829754041,0.7714285714285715,70.0,43104390113431.0
VACAVILLE HIGH SCHOOL,2019,Solano,0.3417395779722079,-0.1191261751799881,0.696049252103065,0.5769230769230769,52.0,48705734837803.0
VALLEJO HIGH SCHOOL,2019,Solano,0.6816798539257456,-0.0130951902407551,0.6427248198703848,0.6296296296296297,27.0,48705814838504.0
VANDEN HIGH SCHOOL,2019,Solano,0.2526011560693642,-0.1887858926167511,0.6610081148389734,0.4722222222222222,72.0,48705654838801.0
VINTAGE HIGH SCHOOL,2019,Napa,0.3975569128262076,-0.1731889115426789,0.6850936734474408,0.5119047619047619,84.0,28662662830016.0
WASHINGTON HIGH SCHOOL,2019,Alameda,0.2961418143899896,-0.0217656838808328,0.662791324906474,0.6410256410256411,156.0,1611760138693.0
WESTMONT HIGH SCHOOL,2019,Santa Clara,0.2710805746408494,-0.1307727429343073,0.6770690392306036,0.5462962962962963,108.0,43694014338505.0
WESTMOOR HIGH SCHOOL,2019,San Mateo,0.3158584534731323,-0.0740635974736186,0.6439560705918983,0.5698924731182796,93.0,41689244137790.0
WILL C WOOD HIGH SCHOOL,2019,Solano,0.4423305588585018,-0.0494910866434353,0.6648757020280508,0.6153846153846154,52.0,48705734830089.0
WILLIAM C OVERFELT HIGH SCHOOL,2019,Santa Clara,0.7691237830319889,-0.1372314299691972,0.6684814299691972,0.53125,64.0,43694274335428.0
WILLOW GLEN HIGH SCHOOL,2019,Santa Clara,0.3719055843408175,0.0283184872628688,0.5444970467177136,0.5728155339805825,103.0,43696664338950.0
WINDSOR HIGH SCHOOL,2019,Sonoma,0.3191733639494833,-0.1645317935914552,0.643405033028075,0.4788732394366197,71.0,49753584930228.0
WOODSIDE HIGH SCHOOL,2019,San Mateo,0.3844195519348269,-0.1283482168560531,0.70527129377913,0.5769230769230769,130.0,41690624138053.0
YERBA BUENA HIGH SCHOOL,2019,Santa Clara,0.6582649472450176,-0.0656246611994497,0.6582172537920423,0.5925925925925926,108.0,43694274330015.0
YGNACIO VALLEY HIGH SCHOOL,2019,Contra Costa,0.7918032786885246,-0.0206078494476185,0.6206078494476185,0.6,40.0,7617540737809.0
ABRAHAM LINCOLN HIGH SCHOOL,2020,San Francisco,0.4423264907135875,0.0307524796307002,0.7031924744977401,0.7339449541284404,218.0,38684783833241.0
ABRAHAM LINCOLN HIGH SCHOOL,2020,Santa Clara,0.5136231884057971,0.0727921498948708,0.6855411834384625,0.7583333333333333,120.0,43696664333795.0
ACALANES HIGH SCHOOL,2020,Contra Costa,0.0500758725341426,-0.0055429630446284,0.7164804630446284,0.7109375,128.0,7616300730283.0
ACE CHARTER HIGH SCHOOL,2020,Santa Clara,0.7846534653465347,0.0798189555568792,0.7096547286536471,0.7894736842105263,19.0,43694270125617.0
ADRIAN C WILCOX HIGH SCHOOL,2020,Santa Clara,0.3566362715298885,0.1097004671329674,0.6962696821207639,0.8059701492537313,134.0,43696744338802.0
ALAMEDA COMMUNITY LEARNING CTR,2020,Alameda,0.3100558659217877,0.0568540295850447,0.6822764051975639,0.7391304347826086,23.0,1611190130609.0
ALAMEDA HIGH SCHOOL,2020,Alameda,0.1997749015194147,0.0884004629469893,0.708700986328373,0.7971014492753623,207.0,1611190130229.0
ALAMEDA SCIENCE & TECHNICAL INST,2020,Alameda,0.3189189189189189,0.1538540523172923,0.679479281016041,0.8333333333333334,42.0,1611190106401.0
ALBANY HIGH SCHOOL,2020,Alameda,0.1495246326707001,0.1344305348887833,0.6830877132863992,0.8175182481751825,137.0,1611270130450.0
ALHAMBRA HIGH SCHOOL,2020,Contra Costa,0.2465078060805259,0.0995391770863008,0.5174820995094438,0.6170212765957447,47.0,7617390730549.0
ALPHA CINDY AVITIA HIGH SCHOOL,2020,Santa Clara,0.861995753715499,0.3789694788150217,0.5175822453229093,0.896551724137931,29.0,43694270132274.0
AMADOR VALLEY HIGH SCHOOL,2020,Alameda,0.0621799561082662,0.0190249891090839,0.7285478264248967,0.7475728155339806,309.0,1751010130583.0
AMERICAN CANYON HIGH SCHOOL,2020,Napa,0.3209580838323353,-0.0774910397039586,0.68312484252086,0.6056338028169014,71.0,28662660121087.0
AMERICAN HIGH SCHOOL,2020,Alameda,0.1909487892020643,0.1219375053412936,0.7311090896407851,0.8530465949820788,279.0,1611760130062.0
ANALY HIGH SCHOOL,2020,Sonoma,0.2927256792287467,0.0860886258503484,0.6361335963718737,0.7222222222222222,36.0,49706074930400.0
ANDREW P HILL HIGH SCHOOL,2020,Santa Clara,0.6236616702355461,-0.0192937689045407,0.6656352323191749,0.6463414634146342,82.0,43694274332995.0
ANGELO RODRIGUEZ HIGH SCHOOL,2020,Solano,0.2654196157735086,-0.0229532764564835,0.6754956493378396,0.652542372881356,118.0,48705404830170.0
ANN SOBRATO HIGH SCHOOL,2020,Santa Clara,0.3007417397167903,0.1545396704523249,0.6737431578305033,0.8282828282828283,99.0,43695830102368.0
ANTIOCH HIGH SCHOOL,2020,Contra Costa,0.7125367286973555,0.0294401609829273,0.6305598390170727,0.66,50.0,7616480730861.0
ARAGON HIGH SCHOOL,2020,San Mateo,0.1911421911421911,0.0846027970435164,0.7153972029564836,0.8,175.0,41690474130217.0
ARCHIE WILLIAMS HIGH SCHOOL,2020,Marin,0.1035767511177347,-0.0315673210692615,0.6928576436499067,0.6612903225806451,124.0,21654822131340.0
ARISE HIGH SCHOOL,2020,Alameda,0.8157181571815718,-0.1657457126578413,0.7371742840864127,0.5714285714285714,21.0,1612590115238.0
ARMIJO HIGH SCHOOL,2020,Solano,0.5950258094791178,0.0730530612086017,0.6542196660641255,0.7272727272727273,55.0,48705404830451.0
ARROYO HIGH SCHOOL,2020,Alameda,0.4742857142857143,0.096801839332228,0.6910769485465598,0.7878787878787878,99.0,1613090130849.0
ASPIRE LIONEL WILSON COLG PREP,2020,Alameda,0.8664122137404581,0.0237701955313708,0.7262298044686292,0.75,24.0,1612590130666.0
ASPIRE RICHMOND CA COLG PREP,2020,Contra Costa,0.7067395264116576,0.0332469580031428,0.6940257692695845,0.7272727272727273,22.0,7617960132100.0
BALBOA HIGH SCHOOL,2020,San Francisco,0.5806715806715806,0.1331666869016479,0.6751666464316854,0.8083333333333333,120.0,38684783830288.0
BENICIA HIGH SCHOOL,2020,Solano,0.2232885476647473,0.1390368283204465,0.6494247101410919,0.7884615384615384,104.0,48705244831004.0
BERKELEY HIGH SCHOOL,2020,Alameda,0.2445468509984639,0.0862100882055812,0.7384474460409941,0.8246575342465754,365.0,1611430131177.0
BRANHAM HIGH SCHOOL,2020,Santa Clara,0.1667569030860855,0.0919704286830367,0.7096168729042649,0.8015873015873016,126.0,43694014330866.0
BUCKINGHAM COLLEGIATE CHARTER,2020,Solano,0.1842105263157894,0.0793878512705728,0.6559062663764861,0.7352941176470589,34.0,48705734830113.0
BURLINGAME HIGH SCHOOL,2020,San Mateo,0.1151832460732984,0.0003811247236199,0.7069359484471117,0.7073170731707317,164.0,41690474130472.0
CALIFORNIA HIGH SCHOOL,2020,Contra Costa,0.0596807772380291,0.0430765857317115,0.7240467019395213,0.7671232876712328,292.0,7618040730051.0
CALISTOGA JUNIOR SENIOR HIGH SCHOOL,2020,Napa,0.7270408163265306,0.3203183964015642,0.5685704924873246,0.8888888888888888,9.0,28662412831758.0
CAMPOLINDO HIGH SCHOOL,2020,Contra Costa,0.0319767441860465,0.0015836639539065,0.70429868898727,0.7058823529411765,153.0,7616300731125.0
CAPUCHINO HIGH SCHOOL,2020,San Mateo,0.36,0.0410336002679331,0.6811886219542891,0.7222222222222222,72.0,41690474130738.0
CARLMONT HIGH SCHOOL,2020,San Mateo,0.1068262411347517,0.020616808735289,0.7302603842471671,0.7508771929824561,285.0,41690624130993.0
CASA GRANDE HIGH SCHOOL,2020,Sonoma,0.4372037914691943,0.0235619084342498,0.6431047582324168,0.6666666666666666,66.0,49708624930012.0
CASTLEMONT HIGH SCHOOL,2020,Alameda,0.8754578754578755,-0.140455123999267,0.6667709134729513,0.5263157894736842,19.0,1612590125161.0
CASTRO VALLEY HIGH SCHOOL,2020,Alameda,0.1840168243953732,0.0273052724293751,0.7285086810589969,0.7558139534883721,258.0,1611500132225.0
CHRISTOPHER HIGH SCHOOL,2020,Santa Clara,0.3976353453640323,-0.0586916870497548,0.6858103311175514,0.6271186440677966,59.0,43694840118380.0
CITY ARTS AND LEADERSHIP ACADEMY,2020,San Francisco,0.6,-0.0032659160058182,0.7175516302915326,0.7142857142857143,14.0,38684780107300.0
CLAYTON VALLEY CHARTER HIGH SCHOOL,2020,Contra Costa,0.1965085049239033,-0.0259151792631243,0.7259151792631243,0.7,160.0,7100740731380.0
CLOVERDALE HIGH SCHOOL,2020,Sonoma,0.5195121951219512,0.3370432493520678,0.5796234173145988,0.9166666666666666,12.0,49706564930855.0
COLISEUM COLLEGE PREP ACADEMY,2020,Alameda,0.947463768115942,0.1831673706800212,0.725923538410888,0.9090909090909092,33.0,1612590112797.0
COLLEGE PARK HIGH SCHOOL,2020,Contra Costa,0.207940446650124,0.0295770934422212,0.6693476377405745,0.6989247311827957,93.0,7617540731646.0
CONCORD HIGH SCHOOL,2020,Contra Costa,0.4934362934362934,0.0245263632769573,0.6485505597999658,0.6730769230769231,52.0,7617540731836.0
CUPERTINO HIGH SCHOOL,2020,Santa Clara,0.0816505706760316,0.1297456426293254,0.7510131649587505,0.8807588075880759,369.0,43694684331799.0
DE ANZA HIGH SCHOOL,2020,Contra Costa,0.6231263383297645,-0.0658461363986122,0.7022097727622486,0.6363636363636364,88.0,7617960732164.0
DEER VALLEY HIGH SCHOOL,2020,Contra Costa,0.5816542948038176,0.1357363274825845,0.6369909452446881,0.7727272727272727,44.0,7616480730465.0
DEL MAR HIGH SCHOOL,2020,Santa Clara,0.5092449922958397,0.0691184019101853,0.6945179617261783,0.7636363636363637,55.0,43694014331955.0
DESIGN TECH HIGH SCHOOL,2020,San Mateo,0.0893169877408056,0.0819227148503956,0.7180772851496044,0.8,65.0,41690470129759.0
DIXON HIGH SCHOOL,2020,Solano,0.4736346516007533,-0.0769891023222137,0.6456165533026059,0.5686274509803921,51.0,48705324832259.0
DOUGHERTY VALLEY HIGH SCHOOL,2020,Contra Costa,0.0606867969212551,0.0790032377752606,0.7534925746200493,0.8324958123953099,597.0,7618040113118.0
DOZIER-LIBBEY MEDICAL HIGH SCH,2020,Contra Costa,0.5760111576011158,0.0084006810379134,0.6132209405837081,0.6216216216216216,37.0,7616480117218.0
DR TJ OWENS GILROY EARLY COLG,2020,Santa Clara,0.3914473684210526,0.1356347526309098,0.687894659133796,0.8235294117647058,51.0,43694840114496.0
DUBLIN HIGH SCHOOL,2020,Alameda,0.091540404040404,0.0877319817309966,0.7215165731822982,0.8092485549132948,346.0,1750930132704.0
EAST BAY INNOVATION ACADEMY,2020,Alameda,0.3096774193548387,0.1182695327238241,0.4531590387047472,0.5714285714285714,14.0,1612590129932.0
EAST PALO ALTO ACADEMY,2020,San Mateo,0.8739495798319328,0.0156028240409824,0.6510638426256842,0.6666666666666666,30.0,41690620126722.0
EL CAMINO HIGH,2020,San Mateo,0.2807017543859649,0.0052980917488371,0.6492473627966174,0.6545454545454545,55.0,41690704132551.0
EL CERRITO HIGH SCHOOL,2020,Contra Costa,0.3981308411214953,0.0841618003208736,0.6801239139648406,0.7642857142857142,140.0,7617960732941.0
ELSIE ALLEN HIGH SCHOOL,2020,Sonoma,0.5922330097087378,0.1294556128050379,0.5372110538616287,0.6666666666666666,15.0,49709204930160.0
EMERY SECONDARY SCHOOL,2020,Alameda,0.6784140969162996,0.2122856115467932,0.4833665623662502,0.6956521739130435,23.0,1611680132746.0
ENVISION ACAD ARTS/TECHNOLOGY,2020,Alameda,0.7160194174757282,0.085676559647847,0.7476567736854863,0.8333333333333334,18.0,1100170112607.0
EVERGREEN VALLEY HIGH SCHOOL,2020,Santa Clara,0.1480859637340497,0.0910114881954174,0.7331643359804066,0.8241758241758241,364.0,43694274330692.0
FAIRFIELD HIGH SCHOOL,2020,Solano,0.6655844155844156,0.0122511798226715,0.6210821535106618,0.6333333333333333,30.0,48705404833000.0
FOOTHILL HIGH SCHOOL,2020,Alameda,0.085701398285972,0.0520327115815818,0.7295372542887253,0.7815699658703071,293.0,1751010130096.0
FREEDOM HIGH SCHOOL,2020,Contra Costa,0.4133595284872298,-0.0582945097349778,0.6879241393646075,0.6296296296296297,81.0,7617210730457.0
FREMONT HIGH SCHOOL,2020,Alameda,0.9096313912009512,-0.0646678546674086,0.7117266781968205,0.6470588235294118,34.0,1612590125716.0
FREMONT HIGH SCHOOL,2020,Santa Clara,0.3001841620626151,0.0856064040469982,0.7130948946543004,0.7987012987012987,154.0,43694684332474.0
GALILEO ACAD OF SCIENCE & TECH,2020,San Francisco,0.6202393906420022,0.040122295412398,0.6928322500421473,0.7329545454545454,176.0,38684783831765.0
GATEWAY HIGH SCHOOL,2020,San Francisco,0.4247422680412371,0.036916780152342,0.7339165531809914,0.7708333333333334,48.0,38684783830437.0
GEORGE WASHINGTON HIGH SCHOOL,2020,San Francisco,0.4495412844036697,0.0659844028198706,0.7028328014812046,0.7688172043010753,186.0,38684783839081.0
GILROY HIGH SCHOOL,2020,Santa Clara,0.5576143601621308,0.1101586223151218,0.6676191554626559,0.7777777777777778,36.0,43694844332839.0
GRANADA HIGH SCHOOL,2020,Alameda,0.1972076788830715,-0.0129721754150271,0.6449721754150272,0.632,125.0,1612000133397.0
HALF MOON BAY HIGH SCHOOL,2020,San Mateo,0.3839701770736253,0.1217964636386121,0.6233015755770741,0.7450980392156863,51.0,41688904132817.0
HAYWARD HIGH SCHOOL,2020,Alameda,0.6796536796536796,0.0910996252085794,0.6781311440221899,0.7692307692307693,78.0,1611920133629.0
HAYWARD TWIN OAKS MONTESSORI,2020,Alameda,0.5707762557077626,0.184640546975268,0.6615132991785782,0.8461538461538461,13.0,1611920127944.0
HEALDSBURG HIGH SCHOOL,2020,Sonoma,0.4115384615384615,0.1486114832857713,0.6291662944920065,0.7777777777777778,18.0,49753904932554.0
HENRY M GUNN SENIOR HIGH SCHL,2020,Santa Clara,0.0736472945891783,0.0668462527915018,0.7603142410356587,0.8271604938271605,324.0,43696414332904.0
HENRY T GUNDERSON HIGH SCHOOL,2020,Santa Clara,0.5614194722474978,0.006828510836613,0.6085561045480024,0.6153846153846154,26.0,43696664330080.0
HERCULES HIGH SCHOOL,2020,Contra Costa,0.3808411214953271,0.1656138243656905,0.6794565981695208,0.8450704225352113,71.0,7617960730598.0
HERITAGE HIGH SCHOOL,2020,Contra Costa,0.1842003853564547,0.0206384199007317,0.7093615800992682,0.73,100.0,7617210107797.0
HILLSDALE HIGH SCHOOL,2020,San Mateo,0.2247122955784373,0.0075068655446033,0.7042048461671083,0.7117117117117117,111.0,41690474133070.0
HOMESTEAD HIGH SCHOOL,2020,Santa Clara,0.1316872427983539,0.0695792578980667,0.7384702777056484,0.8080495356037152,323.0,43694684333316.0
IMPACT ACAD ARTS/TECHNOLOGY,2020,Alameda,0.5971563981042654,0.0410733997430505,0.7407447820751313,0.7818181818181819,55.0,1611920137646.0
INDEPENDENCE HIGH SCHOOL,2020,Santa Clara,0.4484195901354637,0.0028865158118092,0.701811470765372,0.7046979865771812,149.0,43694274330031.0
IRVINGTON HIGH SCHOOL,2020,Alameda,0.1618081960287283,0.1051202207861544,0.7410336253676917,0.8461538461538461,351.0,1611760134270.0
JAMES LICK HIGH SCHOOL,2020,Santa Clara,0.689795918367347,0.0344015245253787,0.638325748201894,0.6727272727272727,55.0,43694274333639.0
JAMES LOGAN HIGH SCHOOL,2020,Alameda,0.4419178082191781,0.0208487968023161,0.7148340225809439,0.73568281938326,227.0,1612420134668.0
JEFFERSON HIGH SCHOOL,2020,San Mateo,0.3397683397683397,0.1416777278615832,0.6440365578527024,0.7857142857142857,42.0,41689244133393.0
JESSE M BETHEL HIGH SCHOOL,2020,Solano,0.5147335423197492,0.027362104974101,0.6518831780447668,0.6792452830188679,53.0,48705814830147.0
JOHN F KENNEDY HIGH SCHOOL,2020,Alameda,0.4282592862345229,-0.0349934778359257,0.6973311401735881,0.6623376623376623,77.0,1611760134452.0
JOHN F KENNEDY HIGH SCHOOL,2020,Contra Costa,0.7219307450157397,-0.0707093767114083,0.6307093767114084,0.56,25.0,7617960733659.0
JOHN O'CONNELL HIGH SCHOOL,2020,San Francisco,0.7583497053045186,-0.0248624476963039,0.574862447696304,0.55,20.0,38684783834769.0
JOHN SWETT HIGH SCHOOL,2020,Contra Costa,0.5134529147982063,0.0726762121750387,0.6273237878249612,0.7,30.0,7616970737023.0
KIPP KING COLLEGIATE HIGH SCH,2020,Alameda,0.6605504587155964,0.0274118939367403,0.7583023917775453,0.7857142857142857,84.0,1613090114421.0
KIPP SAN FRANCISCO COLG PREP,2020,San Francisco,0.7810026385224275,0.0234686705286818,0.7507248778584149,0.7741935483870968,31.0,38684780127530.0
KIPP SAN JOSE COLLEGIATE,2020,Santa Clara,0.7049180327868853,0.1217338651449124,0.7512820078709606,0.873015873015873,63.0,43694270116889.0
LAS LOMAS HIGH SCHOOL,2020,Contra Costa,0.116779348494161,0.0849812823068588,0.6943290625207273,0.7793103448275862,145.0,7616300733725.0
LATINO COLLEGE PREP ACADEMY,2020,Santa Clara,0.7136258660508084,0.1438965147488067,0.6208093676041344,0.7647058823529411,34.0,43694274330668.0
LEADERSHIP PUBLIC SCH HAYWARD,2020,Alameda,0.5840266222961731,0.0464094425488198,0.741469345329968,0.7878787878787878,66.0,1611920108670.0
LEADERSHIP PUBLIC SCH RICHMOND,2020,Contra Costa,0.8113522537562604,-0.0682082898854096,0.7539225755996953,0.6857142857142857,70.0,7617960101477.0
LEIGH HIGH SCHOOL,2020,Santa Clara,0.1022664455500276,0.0183604625167601,0.7188190246627271,0.7371794871794872,156.0,43694014330239.0
LELAND HIGH SCHOOL,2020,Santa Clara,0.091792656587473,0.0783247696787099,0.7300375996592692,0.8083623693379791,287.0,43696664333522.0
LIBERTY HIGH SCHOOL,2020,Contra Costa,0.3019677996422182,0.0321831489122563,0.7110600943309868,0.7432432432432432,74.0,7617210733980.0
LIFE ACADEMY HIGH SCHOOL,2020,Alameda,0.9142212189616252,0.1971876965701468,0.7119032125207624,0.9090909090909092,22.0,1612590130575.0
LIGHTHOUSE COMMUNITY CHAR HS,2020,Alameda,0.8442906574394463,0.0896349313530416,0.683092341374231,0.7727272727272727,22.0,1612590108944.0
LIVE OAK HIGH SCHOOL,2020,Santa Clara,0.3746813933729822,-0.0380355372137448,0.6713688705470782,0.6333333333333333,60.0,43695834333951.0
LIVERMORE HIGH SCHOOL,2020,Alameda,0.2451508620689655,0.0465969341717796,0.6357560070046909,0.6823529411764706,85.0,1612000134536.0
LOS ALTOS HIGH SCHOOL,2020,Santa Clara,0.1606746560142032,0.0777914955636156,0.7261952153998396,0.8039867109634552,301.0,43696094334116.0
LOS GATOS HIGH SCHOOL,2020,Santa Clara,0.0470914127423822,-0.0272979850028106,0.7257712674455588,0.6984732824427481,262.0,43695344334371.0
LOWELL HIGH SCHOOL,2020,San Francisco,0.3277603622431209,0.0389794342541381,0.7865004959378339,0.8254799301919721,573.0,38684783833407.0
LUIS VALDEZ LEADERSHIP ACADEMY,2020,Santa Clara,0.7312138728323699,0.1667089588427028,0.6457910411572971,0.8125,32.0,43694270130856.0
LYNBROOK HIGH SCHOOL,2020,Santa Clara,0.0555555555555555,0.1018337929817956,0.7489949362999724,0.850828729281768,362.0,43694684334421.0
MADISON PARK ACADEMY,2020,Alameda,0.9379310344827586,-0.0022592092940896,0.6897592092940896,0.6875,16.0,1612596066450.0
MAKING WAVES ACADEMY,2020,Contra Costa,0.7757100881488737,0.1366294646750911,0.7421584141127876,0.8787878787878788,66.0,7100740114470.0
MARE ISLAND TECHNOLOGY ACADEMY,2020,Solano,0.5281306715063521,-0.1399747958825556,0.7446259586732533,0.6046511627906976,43.0,48705814830196.0
MARIA CARRILLO HIGH SCHOOL,2020,Sonoma,0.1885135135135135,0.0383695058205636,0.6531198558815641,0.6914893617021277,94.0,49709204930244.0
MCCLYMONDS HIGH SCHOOL,2020,Alameda,0.9025069637883008,-0.0595931740902336,0.6310217455188051,0.5714285714285714,21.0,1612590110189.0
MENLO ATHERTON HIGH SCHOOL,2020,San Mateo,0.3806000822030415,0.0285157383627063,0.7250387640069619,0.7535545023696683,211.0,41690624133716.0
METWEST HIGH SCHOOL,2020,Alameda,0.7902439024390244,0.008610461230467,0.6913895387695329,0.7,10.0,1612590100701.0
MIDDLE COLLEGE HIGH SCHOOL,2020,Contra Costa,0.5555555555555556,0.0279782389041705,0.7037290781690002,0.7317073170731707,41.0,7617960730291.0
MILLS HIGH SCHOOL,2020,San Mateo,0.1825726141078838,0.1275421119184201,0.6849578880815799,0.8125,144.0,41690474134557.0
MILPITAS HIGH SCHOOL,2020,Santa Clara,0.3033205619412516,0.0298845235371072,0.7524032993411215,0.7822878228782287,271.0,43733874334470.0
MIRAMONTE HIGH SCHOOL,2020,Contra Costa,0.0339805825242718,0.0112918518139391,0.7270802412093167,0.7383720930232558,172.0,7616300734244.0
MISSION EARLY COLLEGE HIGH SCH,2020,Santa Clara,0.3465346534653465,0.1579150945873776,0.6067907877655635,0.7647058823529411,17.0,43696740135970.0
MISSION SAN JOSE HIGH SCHOOL,2020,Alameda,0.07373046875,0.1403895618505204,0.7571714137592357,0.8975609756097561,410.0,1611760135244.0
MISSION SENIOR HIGH SCHOOL,2020,San Francisco,0.5317815577439571,0.0610723872622249,0.662331868056924,0.723404255319149,94.0,38684783834082.0
MONTA VISTA HIGH SCHOOL,2020,Santa Clara,0.0405836753305973,0.1036456708010256,0.759680069517881,0.8633257403189066,439.0,43694684334462.0
MONTE VISTA HIGH SCHOOL,2020,Contra Costa,0.0364815565464126,-0.0446449051786277,0.7328578329352817,0.688212927756654,263.0,7618040734368.0
MONTGOMERY HIGH SCHOOL,2020,Sonoma,0.339975845410628,0.0736676093485568,0.6186400829591354,0.6923076923076923,39.0,49709204934154.0
MOUNT DIABLO HIGH SCHOOL,2020,Contra Costa,0.7084415584415584,-0.0068202700711637,0.6478459110968048,0.6410256410256411,39.0,7617540734566.0
MOUNT EDEN HIGH SCHOOL,2020,Alameda,0.6668334167083542,0.0225261578797858,0.6751482607248653,0.6976744186046512,86.0,1611920135319.0
MOUNT PLEASANT HIGH SCHOOL,2020,Santa Clara,0.6671936758893281,0.1485429223479862,0.6584746215116628,0.8070175438596491,57.0,43694274334900.0
MOUNTAIN VIEW HIGH SCHOOL,2020,Santa Clara,0.1452130096197892,0.0338414918089163,0.7268422688748443,0.7606837606837606,234.0,43696094334728.0
NAPA HIGH SCHOOL,2020,Napa,0.4944765912677538,-0.0371070135606516,0.6799641564177945,0.6428571428571429,84.0,28662662835601.0
NEW TECHNOLOGY HIGH SCHOOL,2020,Napa,0.3863636363636363,-0.1879802281890007,0.6425256827344552,0.4545454545454545,22.0,28662662830115.0
NEWARK MEMORIAL HIGH SCHOOL,2020,Alameda,0.4352517985611511,0.1428372201143987,0.6376505847636501,0.7804878048780488,82.0,1612340130054.0
NORTHGATE HIGH SCHOOL,2020,Contra Costa,0.1042367182246133,0.0002946552774381,0.69358289574297,0.6938775510204082,147.0,7617540730044.0
NOVATO HIGH SCHOOL,2020,Marin,0.3745680718728403,-0.0105244745749365,0.664730082051572,0.6542056074766355,107.0,21654172132272.0
OAK GROVE HIGH SCHOOL,2020,Santa Clara,0.4658959537572254,-0.0490542252884771,0.6551148313490832,0.6060606060606061,66.0,43694274335204.0
OAKLAND CHARTER HIGH SCHOOL,2020,Alameda,0.8286334056399133,0.1374043657552592,0.5089370976593749,0.6463414634146342,82.0,1612590114868.0
OAKLAND HIGH SCHOOL,2020,Alameda,0.8636089318044659,0.0582727764653694,0.7076846703431412,0.7659574468085106,94.0,1612590135905.0
OAKLAND INTERNATIONAL HIGH SCH,2020,Alameda,0.9002557544757033,0.0558424759204965,0.6663797463017257,0.7222222222222222,18.0,1612590115667.0
OAKLAND MILITARY INST COL PREP,2020,Alameda,0.6369137670196672,-0.1417358822098479,0.6617358822098479,0.52,25.0,1612590130617.0
OAKLAND SCHOOL FOR THE ARTS,2020,Alameda,0.158890290037831,-0.0256858532595273,0.6506858532595273,0.625,56.0,1612593030772.0
OAKLAND TECHNICAL HIGH SCHOOL,2020,Alameda,0.485204081632653,-0.0596399319629488,0.7414581137811306,0.6818181818181818,220.0,1612590136051.0
OAKLAND UNITY HIGH SCHOOL,2020,Alameda,0.8676056338028169,-0.1697000072417432,0.7411285786703147,0.5714285714285714,28.0,1612590100065.0
OCEANA HIGH SCHOOL,2020,San Mateo,0.21630615640599,0.0911395664096981,0.6268091515390198,0.717948717948718,39.0,41689244135075.0
PALO ALTO SENIOR HIGH SCHOOL,2020,Santa Clara,0.0813045475424896,0.0024902835267789,0.7554714999127116,0.7579617834394905,314.0,43696414335782.0
PESCADERO HIGH SCHOOL,2020,San Mateo,0.5348837209302325,-0.000689190206654,0.5721177616352254,0.5714285714285714,14.0,41689404135331.0
PETALUMA HIGH SCHOOL,2020,Sonoma,0.3504706734250543,-0.0233954863232788,0.6535324726246486,0.6301369863013698,73.0,49708624935151.0
PHILLIP & SALA BURTON ACAD HS,2020,San Francisco,0.6038562664329535,0.0805955809642291,0.675218372524143,0.7558139534883721,86.0,38684783830254.0
PIEDMONT HIGH SCHOOL,2020,Alameda,0.0120336943441636,0.0099549104749891,0.724558363861294,0.7345132743362832,113.0,1612750136515.0
PIEDMONT HILLS HIGH SCHOOL,2020,Santa Clara,0.2432959531935641,0.0013096141968422,0.7136903858031577,0.715,200.0,43694274335907.0
PINER HIGH SCHOOL,2020,Sonoma,0.4941605839416058,-0.0670832087452518,0.582234723896767,0.5151515151515151,33.0,49709204935292.0
PINOLE VALLEY HIGH SCHOOL,2020,Contra Costa,0.5717684377478192,0.1428999084366957,0.6487667582299709,0.7916666666666666,48.0,7617960735316.0
PIONEER HIGH SCHOOL,2020,Santa Clara,0.2598622417031935,0.0604187654481614,0.6830022871834175,0.743421052631579,152.0,43696664335949.0
PITTSBURG HIGH SCHOOL,2020,Contra Costa,0.6537180910099889,0.0819402043153009,0.6995724007267159,0.7815126050420168,119.0,7617880735407.0
PROSPECT HIGH SCHOOL,2020,Santa Clara,0.2989025177533893,0.0082273994714872,0.7045385579753213,0.7127659574468085,94.0,43694014336137.0
PUBLIC SAFETY ACADEMY,2020,Solano,0.4364864864864864,-0.1908672850968242,0.6075339517634909,0.4166666666666667,12.0,48705400125310.0
RANCHO COTATE HIGH SCHOOL,2020,Sonoma,0.3745727956254272,-0.0281257981382426,0.6947924648049093,0.6666666666666666,24.0,49738824935482.0
RAOUL WALLENBERG TRADITIONAL,2020,San Francisco,0.4859675036927622,-0.0004022062899883,0.6623740372759038,0.6619718309859155,71.0,38684783830205.0
REDWOOD HIGH SCHOOL,2020,Marin,0.0821777092963533,-0.1349856302733851,0.7243576109497136,0.5893719806763285,207.0,21654822132587.0
RICHMOND HIGH SCHOOL,2020,Contra Costa,0.8888888888888888,0.1569093550074273,0.6555906449925727,0.8125,64.0,7617960735902.0
RIO VISTA HIGH SCHOOL,2020,Solano,0.5123762376237624,0.2372424738822404,0.5809393442995778,0.8181818181818182,11.0,34674134835302.0
ROBERTO CRUZ LEADERSHIP ACDMY,2020,Santa Clara,0.8023255813953488,0.1898290941004982,0.5958851916137875,0.7857142857142857,14.0,43694270131995.0
RUTH ASAWA SCHOOL OF THE ARTS,2020,San Francisco,0.1928306551297898,0.0599478353205912,0.7197131816285613,0.7796610169491526,118.0,38684783830387.0
SAINT HELENA HIGH SCHOOL,2020,Napa,0.3734439834024896,0.0358888112841105,0.6041111887158894,0.64,25.0,28662902837102.0
SAN JOSE HIGH SCHOOL,2020,Santa Clara,0.7373637264618434,-0.0408820588676366,0.6455332216583343,0.6046511627906976,43.0,43696664337200.0
SAN LEANDRO HIGH SCHOOL,2020,Alameda,0.5617853190704537,0.0893532675111142,0.5800682200921915,0.6694214876033058,121.0,1612910137588.0
SAN LORENZO HIGH SCHOOL,2020,Alameda,0.6596701649175413,0.0847664324039374,0.6612653136278086,0.746031746031746,63.0,1613090137810.0
SAN MARIN HIGH SCHOOL,2020,Marin,0.2635314995563442,0.0690314434793634,0.6593636182490317,0.7283950617283951,81.0,21654172133056.0
SAN MATEO HIGH SCHOOL,2020,San Mateo,0.3515221137277426,0.107885317975639,0.6933569180492056,0.8012422360248447,161.0,41690474136370.0
SAN RAFAEL HIGH SCHOOL,2020,Marin,0.6069615663524293,0.1045824156183119,0.6820842510483547,0.7866666666666666,75.0,21654662133262.0
SAN RAMON VALLEY HIGH SCHOOL,2020,Contra Costa,0.0358874878758486,-0.0863457323953473,0.7284509955532421,0.6421052631578947,190.0,7618040736504.0
SANTA CLARA HIGH SCHOOL,2020,Santa Clara,0.3834808259587021,0.0282488913853226,0.6828622197257885,0.7111111111111111,135.0,43696744330122.0
SANTA ROSA HIGH SCHOOL,2020,Sonoma,0.3087388801674516,0.0412645007011224,0.6344111749745532,0.6756756756756757,74.0,49709204936803.0
SANTA TERESA HIGH SCHOOL,2020,Santa Clara,0.2045871559633027,0.0602522690318635,0.6897477309681365,0.75,148.0,43694274330023.0
SARATOGA HIGH SCHOOL,2020,Santa Clara,0.0211988304093567,0.0734067589491452,0.7204863708218471,0.7938931297709924,262.0,43695344337762.0
SEQUOIA HIGH SCHOOL,2020,San Mateo,0.4757471827535521,0.017963665371918,0.7007863346280819,0.71875,160.0,41690624136693.0
SILVER CREEK HIGH SCHOOL,2020,Santa Clara,0.3813838550247116,0.0785584828744683,0.692274850458865,0.7708333333333334,144.0,43694274337903.0
SKYLINE HIGH SCHOOL,2020,Alameda,0.6956246036778694,-0.0907359705029977,0.6925878223548496,0.6018518518518519,108.0,1612590137943.0
SONOMA VALLEY HIGH SCHOOL,2020,Sonoma,0.5348101265822784,-0.0015623239372805,0.6821178794928361,0.6805555555555556,72.0,49709534937256.0
SOUTH SAN FRANCISCO HS,2020,San Mateo,0.4034003091190108,-0.1498160521775212,0.630585282946752,0.4807692307692308,52.0,41690704137279.0
SUMMIT PREPARATORY CHARTER HIG,2020,San Mateo,0.5610859728506787,0.0736350741218013,0.7263649258781987,0.8,45.0,41690620112722.0
SUMMIT PUBLIC SCHOOL K2,2020,Contra Costa,0.6345514950166113,0.0193604839864649,0.7373962727702918,0.7567567567567568,37.0,7100740129684.0
SUMMIT PUBLIC SCHOOL-TAHOMA,2020,Santa Clara,0.2970588235294117,0.1259274492483924,0.6805241636548334,0.8064516129032258,31.0,43104390123794.0
SUMMIT PUBLIC SCHOOLS SHASTA,2020,San Mateo,0.2174840085287846,0.1530695443416526,0.7005889922437132,0.8536585365853658,41.0,41689240127548.0
TAMALPAIS HIGH SCHOOL,2020,Marin,0.0993710691823899,-0.0594853286349181,0.7327526553675915,0.6732673267326733,202.0,21654822133692.0
TAMISCAL HIGH SCHOOL,2020,Marin,0.0612244897959183,-0.1890896985625999,0.6627739090889156,0.4736842105263157,19.0,21654822130078.0
TECHNOLOGY HIGH SCHOOL,2020,Sonoma,0.1645962732919254,-0.0127800965659395,0.4815300965659396,0.46875,32.0,49738824930384.0
TENNYSON HIGH SCHOOL,2020,Alameda,0.7766798418972332,-0.0449124187596206,0.6578156445660722,0.6129032258064516,31.0,1611920138339.0
TERRA LINDA HIGH SCHOOL,2020,Marin,0.3940774487471526,0.0066277056522082,0.7063352573107546,0.7129629629629629,108.0,21654662134005.0
TERRA NOVA HIGH SCHOOL,2020,San Mateo,0.1683168316831683,0.0534901232703075,0.6294367059979852,0.6829268292682927,41.0,41689244137535.0
THURGOOD MARSHALL ACADEMIC HS,2020,San Francisco,0.5776031434184676,-0.0662395917923517,0.5662395917923517,0.5,16.0,38684783830403.0
TOMALES HIGH SCHOOL,2020,Marin,0.5393939393939394,0.4267757915808333,0.5732242084191667,1.0,6.0,21733612134310.0
UNIVERSITY PREP ACADEMY,2020,Santa Clara,0.2951289398280802,0.0430639482823896,0.7272063219878806,0.7702702702702703,74.0,43104390113431.0
VACAVILLE HIGH SCHOOL,2020,Solano,0.3482328482328482,-0.0317972341313387,0.7036722341313387,0.671875,64.0,48705734837803.0
VALLEJO HIGH SCHOOL,2020,Solano,0.6710608913998745,-0.0540411828115169,0.6373745161448503,0.5833333333333334,12.0,48705814838504.0
VANDEN HIGH SCHOOL,2020,Solano,0.2447058823529412,-0.0525653992636963,0.6741870208853179,0.6216216216216216,74.0,48705654838801.0
VINTAGE HIGH SCHOOL,2020,Napa,0.3842337375964719,-0.0645759037760327,0.6848290683329947,0.620253164556962,79.0,28662662830016.0
WASHINGTON HIGH SCHOOL,2020,Alameda,0.2652849740932642,0.1112264523897181,0.7016390446863052,0.8128654970760234,171.0,1611760138693.0
WESTMONT HIGH SCHOOL,2020,Santa Clara,0.2514863258026159,0.0051168513594341,0.7035445659634004,0.7086614173228346,127.0,43694014338505.0
WESTMOOR HIGH SCHOOL,2020,San Mateo,0.3379888268156424,0.1154183344093519,0.6409919220009045,0.7564102564102564,78.0,41689244137790.0
WILL C WOOD HIGH SCHOOL,2020,Solano,0.4814814814814814,-0.1082529143336552,0.6707529143336552,0.5625,48.0,48705734830089.0
WILLIAM C OVERFELT HIGH SCHOOL,2020,Santa Clara,0.6974063400576369,0.0979865821890961,0.665171312547746,0.7631578947368421,76.0,43694274335428.0
WILLOW GLEN HIGH SCHOOL,2020,Santa Clara,0.367586611861421,0.0768497837811631,0.6754437942004883,0.7522935779816514,109.0,43696664338950.0
WINDSOR HIGH SCHOOL,2020,Sonoma,0.4613526570048309,0.0236194961193093,0.651705179205366,0.6753246753246753,77.0,49753584930228.0
WOODSIDE HIGH SCHOOL,2020,San Mateo,0.3407908428720083,0.0060141717264476,0.7043306558597592,0.7103448275862069,145.0,41690624138053.0
YERBA BUENA HIGH SCHOOL,2020,Santa Clara,0.6311659192825112,0.0668022034998312,0.6831977965001688,0.75,100.0,43694274330015.0
YGNACIO VALLEY HIGH SCHOOL,2020,Contra Costa,0.6949416342412451,0.0085113402381821,0.6426514504594923,0.6511627906976745,43.0,7617540737809.0
ABRAHAM LINCOLN HIGH SCHOOL,2021,San Francisco,0.4871923656454043,-0.0989664351861941,0.7356331018528609,0.6366666666666667,300.0,38684783833241.0
ABRAHAM LINCOLN HIGH SCHOOL,2021,Santa Clara,0.4603640634174985,-0.0207854945338902,0.6839433892707323,0.6631578947368421,95.0,43696664333795.0
ACALANES HIGH SCHOOL,2021,Contra Costa,0.0583269378357636,-0.1324992327867531,0.7047883894132592,0.572289156626506,166.0,7616300730283.0
ACE CHARTER HIGH SCHOOL,2021,Santa Clara,0.6441860465116279,0.1217566675576251,0.6699099991090415,0.7916666666666666,24.0,43694270125617.0
ADRIAN C WILCOX HIGH SCHOOL,2021,Santa Clara,0.3720343260979303,0.0338366402754485,0.7058083301387527,0.7396449704142012,169.0,43696744338802.0
ALAMEDA COMMUNITY LEARNING CTR,2021,Alameda,0.2402234636871508,0.1146862530423975,0.6710280326718882,0.7857142857142857,28.0,1611190130609.0
ALAMEDA HIGH SCHOOL,2021,Alameda,0.2008032128514056,-0.0140515726829173,0.7111669572983019,0.6971153846153846,208.0,1611190130229.0
ALAMEDA SCIENCE & TECHNICAL INST,2021,Alameda,0.3764705882352941,0.0874586053425514,0.6692981514142053,0.7567567567567568,37.0,1611190106401.0
ALBANY HIGH SCHOOL,2021,Alameda,0.1531302876480541,-0.0386533267818753,0.6810775692061178,0.6424242424242425,165.0,1611270130450.0
ALHAMBRA HIGH SCHOOL,2021,Contra Costa,0.2284768211920529,-0.1419419314111355,0.6525802292834759,0.5106382978723404,47.0,7617390730549.0
ALPHA CINDY AVITIA HIGH SCHOOL,2021,Santa Clara,0.8368932038834952,0.4215337585239683,0.520773933783724,0.9423076923076924,52.0,43694270132274.0
AMADOR VALLEY HIGH SCHOOL,2021,Alameda,0.0714285714285714,-0.0699479241728507,0.7569285335911333,0.6869806094182825,361.0,1751010130583.0
AMERICAN CANYON HIGH SCHOOL,2021,Napa,0.3274751025190393,-0.1060259493471645,0.6807385930253255,0.5747126436781609,87.0,28662660121087.0
AMERICAN HIGH SCHOOL,2021,Alameda,0.1705974842767295,0.0295679397875526,0.7262460137008194,0.7558139534883721,344.0,1611760130062.0
ANALY HIGH SCHOOL,2021,Sonoma,0.3816925734024179,0.1480246708333362,0.6714197736111082,0.8194444444444444,72.0,49706074930400.0
ANDREW P HILL HIGH SCHOOL,2021,Santa Clara,0.5557917109458024,0.0001384788540765,0.6477488450895854,0.647887323943662,71.0,43694274332995.0
ANGELO RODRIGUEZ HIGH SCHOOL,2021,Solano,0.2773904382470119,0.0171717385281584,0.667038787787631,0.6842105263157895,95.0,48705404830170.0
ANN SOBRATO HIGH SCHOOL,2021,Santa Clara,0.2845528455284553,-0.0383063334165983,0.6848580575545294,0.646551724137931,116.0,43695830102368.0
ANTIOCH HIGH SCHOOL,2021,Contra Costa,0.6485671191553545,0.1152190306523012,0.6239114041303074,0.7391304347826086,46.0,7616480730861.0
ARAGON HIGH SCHOOL,2021,San Mateo,0.1753171856978085,-0.0633399245594452,0.7346362208557415,0.6712962962962963,216.0,41690474130217.0
ARCHIE WILLIAMS HIGH SCHOOL,2021,Marin,0.1217712177121771,-0.1234866812143364,0.695855102266968,0.5723684210526315,152.0,21654822131340.0
ARISE HIGH SCHOOL,2021,Alameda,0.8578811369509044,-0.1719735828719344,0.7477311586295102,0.5757575757575758,33.0,1612590115238.0
ARMIJO HIGH SCHOOL,2021,Solano,0.6471456692913385,0.0360222420711147,0.6609474548985823,0.696969696969697,66.0,48705404830451.0
ARROYO HIGH SCHOOL,2021,Alameda,0.4723476297968397,0.0167923647658198,0.6694821450381018,0.6862745098039216,102.0,1613090130849.0
ASPIRE LIONEL WILSON COLG PREP,2021,Alameda,0.8574257425742574,0.214877592355179,0.6487587712811846,0.8636363636363636,22.0,1612590130666.0
ASPIRE RICHMOND CA COLG PREP,2021,Contra Costa,0.7327586206896551,0.0879347130498814,0.6925530918281674,0.7804878048780488,41.0,7617960132100.0
BALBOA HIGH SCHOOL,2021,San Francisco,0.5882831570382425,-0.0842598938988939,0.7052276358343779,0.6209677419354839,124.0,38684783830288.0
BAY AREA TECHNOLOGY-BAYTECH,2021,Alameda,0.7563739376770539,-0.1154079062632208,0.6868364776917922,0.5714285714285714,7.0,1612590106906.0
BENICIA HIGH SCHOOL,2021,Solano,0.2303630363036303,0.0434764593249815,0.6662009600298572,0.7096774193548387,93.0,48705244831004.0
BERKELEY HIGH SCHOOL,2021,Alameda,0.2440896530549585,0.0440599550099675,0.7213984671648725,0.7654584221748401,469.0,1611430131177.0
BRANHAM HIGH SCHOOL,2021,Santa Clara,0.1559392987964416,-0.0847877775031515,0.7097877775031516,0.625,152.0,43694014330866.0
BUCKINGHAM COLLEGIATE CHARTER,2021,Solano,0.1637931034482758,-0.0161565428444666,0.652520179208103,0.6363636363636364,22.0,48705734830113.0
BURLINGAME HIGH SCHOOL,2021,San Mateo,0.1242680546519193,-0.1182686810315207,0.7142282769911167,0.5959595959595959,198.0,41690474130472.0
CALIFORNIA HIGH SCHOOL,2021,Contra Costa,0.0611828687967369,0.0115560988086087,0.7257093167409892,0.7372654155495979,373.0,7618040730051.0
CALISTOGA JUNIOR SENIOR HIGH SCHOOL,2021,Napa,0.7121212121212122,0.1291175708773242,0.6137395719798187,0.7428571428571429,35.0,28662412831758.0
CAMPOLINDO HIGH SCHOOL,2021,Contra Costa,0.0378571428571428,-0.1403007345478898,0.7214525670086228,0.581151832460733,191.0,7616300731125.0
CAPUCHINO HIGH SCHOOL,2021,San Mateo,0.3209772535804549,-0.0934593120325337,0.6957320393052611,0.6022727272727273,88.0,41690474130738.0
CARLMONT HIGH SCHOOL,2021,San Mateo,0.1039411000433088,-0.0372172929152806,0.7290411922863498,0.6918238993710691,318.0,41690624130993.0
CASA GRANDE HIGH SCHOOL,2021,Sonoma,0.4124929656724817,-0.0528949486934974,0.6528949486934974,0.6,95.0,49708624930012.0
CASTLEMONT HIGH SCHOOL,2021,Alameda,0.8945260347129506,0.1754030301288928,0.6427787880529254,0.8181818181818182,11.0,1612590125161.0
CASTRO VALLEY HIGH SCHOOL,2021,Alameda,0.1968951154865581,-0.0506223457278697,0.7351649324786583,0.6845425867507886,317.0,1611500132225.0
CHRISTOPHER HIGH SCHOOL,2021,Santa Clara,0.4176918570591681,-0.1554999210321229,0.6835898086725724,0.5280898876404494,89.0,43694840118380.0
CIRCLE OF INDEPENDENT LEARNING,2021,Alameda,0.3802469135802469,0.1465311691760491,0.5201354974906175,0.6666666666666666,9.0,1611760130534.0
CITY ARTS AND LEADERSHIP ACADEMY,2021,San Francisco,0.544,-0.0122852743929088,0.7181676273340853,0.7058823529411765,17.0,38684780107300.0
CLAYTON VALLEY CHARTER HIGH SCHOOL,2021,Contra Costa,0.1849073256840247,-0.1443211420726325,0.7174918737799496,0.573170731707317,164.0,7100740731380.0
CLOVERDALE HIGH SCHOOL,2021,Sonoma,0.51338199513382,0.2589525341115801,0.6077141325550866,0.8666666666666667,15.0,49706564930855.0
COLISEUM COLLEGE PREP ACADEMY,2021,Alameda,0.9549248747913188,0.2629505870806856,0.6894303653002668,0.9523809523809524,21.0,1612590112797.0
COLLEGE PARK HIGH SCHOOL,2021,Contra Costa,0.2209756097560975,-0.1502396719136344,0.6687581904321529,0.5185185185185185,135.0,7617540731646.0
CONCORD HIGH SCHOOL,2021,Contra Costa,0.4700926705981466,-0.0369173093263248,0.6470868008517486,0.6101694915254238,59.0,7617540731836.0
CUPERTINO HIGH SCHOOL,2021,Santa Clara,0.0846223839854413,-0.0056840356476401,0.7498093620183974,0.7441253263707572,383.0,43694684331799.0
DE ANZA HIGH SCHOOL,2021,Contra Costa,0.7702898550724637,0.127073901753967,0.6911079164278512,0.8181818181818182,77.0,7617960732164.0
DEER VALLEY HIGH SCHOOL,2021,Contra Costa,0.5513626834381551,0.0282167598117236,0.6330735627689215,0.6612903225806451,62.0,7616480730465.0
DEL MAR HIGH SCHOOL,2021,Santa Clara,0.4366515837104072,-0.0910567506902956,0.6848067506902956,0.59375,64.0,43694014331955.0
DESIGN TECH HIGH SCHOOL,2021,San Mateo,0.0682226211849192,-0.1453301182873321,0.7149503714518891,0.569620253164557,79.0,41690470129759.0
DIXON HIGH SCHOOL,2021,Solano,0.4247871333964049,-0.0146838628453362,0.6473369240698261,0.6326530612244898,49.0,48705324832259.0
DOUGHERTY VALLEY HIGH SCHOOL,2021,Contra Costa,0.0570330969267139,0.0070454631658313,0.749257057842572,0.7563025210084033,595.0,7618040113118.0
DOZIER-LIBBEY MEDICAL HIGH SCH,2021,Contra Costa,0.5282522996057819,-0.0697320932041122,0.6252876487596678,0.5555555555555556,36.0,7616480117218.0
DR TJ OWENS GILROY EARLY COLG,2021,Santa Clara,0.4328859060402684,0.1652214983576457,0.6968474671595956,0.8620689655172413,58.0,43694840114496.0
DUBLIN HIGH SCHOOL,2021,Alameda,0.0742544126597687,-0.0290523189380518,0.7417220021959704,0.7126696832579186,442.0,1750930132704.0
EAST PALO ALTO ACADEMY,2021,San Mateo,0.7913279132791328,-0.0516686439802547,0.6323138052705773,0.5806451612903226,31.0,41690620126722.0
EL CAMINO HIGH,2021,San Mateo,0.2493907392363931,-0.1043596239380465,0.6772762906047132,0.5729166666666666,96.0,41690704132551.0
EL CERRITO HIGH SCHOOL,2021,Contra Costa,0.3897243107769423,0.0692239303802457,0.7040318835732426,0.7732558139534884,172.0,7617960732941.0
ELSIE ALLEN HIGH SCHOOL,2021,Sonoma,0.5779645191409897,0.149496983302514,0.538003016697486,0.6875,16.0,49709204930160.0
EMERY SECONDARY SCHOOL,2021,Alameda,0.8382352941176471,-0.2391869389587972,0.6558536056254639,0.4166666666666667,12.0,1611680132746.0
ENVISION ACAD ARTS/TECHNOLOGY,2021,Alameda,0.7769607843137255,0.1787655193492516,0.7522689634093691,0.9310344827586208,29.0,1100170112607.0
EVERGREEN VALLEY HIGH SCHOOL,2021,Santa Clara,0.1760586862287429,-0.0031438648980799,0.7364771982314132,0.7333333333333333,420.0,43694274330692.0
FAIRFIELD HIGH SCHOOL,2021,Solano,0.699874686716792,-0.1044011675291624,0.6229196860476809,0.5185185185185185,27.0,48705404833000.0
FOOTHILL HIGH SCHOOL,2021,Alameda,0.0943227536879749,0.0268931708939802,0.7402301167772526,0.7671232876712328,292.0,1751010130096.0
FREEDOM HIGH SCHOOL,2021,Contra Costa,0.3302605210420841,0.0487202672506552,0.6816168114010301,0.7303370786516854,89.0,7617210730457.0
FREMONT HIGH SCHOOL,2021,Alameda,0.9050701186623517,-0.0508136272370011,0.6698612462846202,0.6190476190476191,21.0,1612590125716.0
FREMONT HIGH SCHOOL,2021,Santa Clara,0.2276386404293381,0.0307552145028019,0.7145278043651225,0.7452830188679245,212.0,43694684332474.0
GALILEO ACAD OF SCIENCE & TECH,2021,San Francisco,0.6148429035752979,0.0512773650924602,0.7296750158599207,0.780952380952381,210.0,38684783831765.0
GATEWAY HIGH SCHOOL,2021,San Francisco,0.4874759152215799,-0.0299364953144593,0.7269061922841563,0.696969696969697,66.0,38684783830437.0
GEORGE WASHINGTON HIGH SCHOOL,2021,San Francisco,0.4572257129047849,-0.0534967834297646,0.727050502438029,0.6735537190082644,242.0,38684783839081.0
GILROY HIGH SCHOOL,2021,Santa Clara,0.5836158192090396,-0.1305751606352501,0.6841465892066787,0.5535714285714286,56.0,43694844332839.0
GRANADA HIGH SCHOOL,2021,Alameda,0.1915167095115681,-0.0951786402181972,0.6914519321436631,0.5962732919254659,161.0,1612000133397.0
HALF MOON BAY HIGH SCHOOL,2021,San Mateo,0.3575471698113207,0.0963343198266374,0.5181235114986638,0.6144578313253012,83.0,41688904132817.0
HAYWARD HIGH SCHOOL,2021,Alameda,0.5571933962264151,0.0225295712903692,0.6820158832550853,0.7045454545454546,88.0,1611920133629.0
HAYWARD TWIN OAKS MONTESSORI,2021,Alameda,0.5927601809954751,-0.1175240877924568,0.6730796433480124,0.5555555555555556,9.0,1611920127944.0
HEALDSBURG HIGH SCHOOL,2021,Sonoma,0.4244186046511627,0.0732425058629121,0.6635995994002457,0.7368421052631579,38.0,49753904932554.0
HENRY M GUNN SENIOR HIGH SCHL,2021,Santa Clara,0.0893595041322314,-0.1191202883029508,0.7557481952796951,0.6366279069767442,344.0,43696414332904.0
HENRY T GUNDERSON HIGH SCHOOL,2021,Santa Clara,0.4945255474452554,0.0139517303815004,0.6451391787094086,0.6590909090909091,44.0,43696664330080.0
HERCULES HIGH SCHOOL,2021,Contra Costa,0.4010025062656641,-0.0973522798976234,0.6806856132309568,0.5833333333333334,72.0,7617960730598.0
HERITAGE HIGH SCHOOL,2021,Contra Costa,0.16767143933685,-0.0182901756272176,0.703604860941903,0.6853146853146853,143.0,7617210107797.0
HILLSDALE HIGH SCHOOL,2021,San Mateo,0.2024866785079929,-0.1067596493482287,0.7159550516470794,0.6091954022988506,174.0,41690474133070.0
HOMESTEAD HIGH SCHOOL,2021,Santa Clara,0.1046658259773013,-0.0532910929260732,0.7354616355617322,0.6821705426356589,387.0,43694684333316.0
IMPACT ACAD ARTS/TECHNOLOGY,2021,Alameda,0.5970873786407767,-0.0728716692252297,0.7395383358918963,0.6666666666666666,33.0,1611920137646.0
INDEPENDENCE HIGH SCHOOL,2021,San Francisco,0.4814814814814814,-0.1649685873412822,0.5495839719566669,0.3846153846153846,13.0,38684783830197.0
INDEPENDENCE HIGH SCHOOL,2021,Santa Clara,0.4411347517730496,-0.0877173763316313,0.7070722150413088,0.6193548387096774,155.0,43694274330031.0
IRVINGTON HIGH SCHOOL,2021,Alameda,0.1507136859781696,0.0698495103300741,0.7280507521371175,0.7979002624671916,381.0,1611760134270.0
JAMES LICK HIGH SCHOOL,2021,Santa Clara,0.5130434782608696,0.1166148037992026,0.6186793138478562,0.7352941176470589,34.0,43694274333639.0
JAMES LOGAN HIGH SCHOOL,2021,Alameda,0.3902649769585253,-0.0751481288144451,0.7115117651780815,0.6363636363636364,275.0,1612420134668.0
JEFFERSON HIGH SCHOOL,2021,San Mateo,0.3252830188679245,-0.0558958012975522,0.617299310069482,0.5614035087719298,57.0,41689244133393.0
JESSE M BETHEL HIGH SCHOOL,2021,Solano,0.581783194355356,0.0173984740344385,0.6600208808042711,0.6774193548387096,62.0,48705814830147.0
JOHN F KENNEDY HIGH SCHOOL,2021,Alameda,0.4213926776740847,-0.0294804220668862,0.6076054220668863,0.578125,64.0,1611760134452.0
JOHN F KENNEDY HIGH SCHOOL,2021,Contra Costa,0.8108747044917257,0.1903128048103007,0.6173795028820069,0.8076923076923077,26.0,7617960733659.0
JOHN HENRY HIGH SCHOOL,2021,Contra Costa,0.7876712328767124,0.0406718568487476,0.7012636270222201,0.7419354838709677,31.0,7773540132233.0
JOHN O'CONNELL HIGH SCHOOL,2021,San Francisco,0.6457142857142857,-0.016589353603126,0.5955367220241787,0.5789473684210527,19.0,38684783834769.0
JOHN SWETT HIGH SCHOOL,2021,Contra Costa,0.4626506024096385,0.1995629875883654,0.6099608219354441,0.8095238095238095,21.0,7616970737023.0
JUNE JORDAN SCHOOL FOR EQUITY,2021,San Francisco,0.6422413793103449,0.1677497246386682,0.6100280531391096,0.7777777777777778,9.0,38684780102103.0
KIPP KING COLLEGIATE HIGH SCH,2021,Alameda,0.7077151335311572,-0.0222034882868223,0.7629442290275631,0.7407407407407407,81.0,1613090114421.0
KIPP SAN FRANCISCO COLG PREP,2021,San Francisco,0.8294392523364486,0.1167346148203469,0.7528306025709574,0.8695652173913043,46.0,38684780127530.0
KIPP SAN JOSE COLLEGIATE,2021,Santa Clara,0.7101967799642218,0.0834071651000836,0.7565928348999164,0.84,75.0,43694270116889.0
LAS LOMAS HIGH SCHOOL,2021,Contra Costa,0.1177215189873417,-0.0585927956951646,0.706551979368634,0.6479591836734694,196.0,7616300733725.0
LATINO COLLEGE PREP ACADEMY,2021,Santa Clara,0.3569682151589242,0.1182325022682863,0.6186096029948716,0.7368421052631579,19.0,43694274330668.0
LEADERSHIP PUBLIC SCH HAYWARD,2021,Alameda,0.5521172638436482,-0.0185153277570977,0.7385153277570977,0.72,75.0,1611920108670.0
LEADERSHIP PUBLIC SCH RICHMOND,2021,Contra Costa,0.7333333333333333,0.0491153945047975,0.7557626542756903,0.8048780487804879,82.0,7617960101477.0
LEIGH HIGH SCHOOL,2021,Santa Clara,0.1019036954087346,-0.0856631842517664,0.7148766673978338,0.6292134831460674,178.0,43694014330239.0
LELAND HIGH SCHOOL,2021,Santa Clara,0.0923423423423423,0.0093872329870163,0.7423858166583737,0.75177304964539,282.0,43696664333522.0
LIBERTY HIGH SCHOOL,2021,Contra Costa,0.2417943107221006,-0.0871672194950983,0.7075375898654687,0.6203703703703703,108.0,7617210733980.0
LIFE ACADEMY HIGH SCHOOL,2021,Alameda,0.9030172413793104,-0.06659780381457,0.7217702176076735,0.6551724137931034,29.0,1612590130575.0
LIGHTHOUSE COMMUNITY CHAR HS,2021,Alameda,0.868421052631579,0.1150755922617394,0.7182577410715939,0.8333333333333334,24.0,1612590108944.0
LIVE OAK HIGH SCHOOL,2021,Santa Clara,0.4132519616390584,-0.1215813219037579,0.6684563219037579,0.546875,64.0,43695834333951.0
LIVERMORE HIGH SCHOOL,2021,Alameda,0.2301075268817204,-0.0947451528466145,0.6747451528466145,0.58,100.0,1612000134536.0
LOS ALTOS HIGH SCHOOL,2021,Santa Clara,0.1258488003621548,-0.0816665638647579,0.744353131028937,0.6626865671641791,335.0,43696094334116.0
LOS GATOS HIGH SCHOOL,2021,Santa Clara,0.0535055350553505,-0.1090053855138695,0.7390420155504995,0.63003663003663,273.0,43695344334371.0
LOWELL HIGH SCHOOL,2021,San Francisco,0.3359655419956927,-0.0430968600579856,0.787244017248621,0.7441471571906354,598.0,38684783833407.0
LUIS VALDEZ LEADERSHIP ACADEMY,2021,Santa Clara,0.3790087463556851,0.2927826795816498,0.6163082295092593,0.9090909090909092,22.0,43694270130856.0
LYNBROOK HIGH SCHOOL,2021,Santa Clara,0.0484037075180226,0.0710727803064895,0.7548200768363675,0.8258928571428571,448.0,43694684334421.0
MADISON PARK ACADEMY,2021,Alameda,0.920424403183024,0.1454652914406931,0.6878680418926403,0.8333333333333334,36.0,1612596066450.0
MAKING WAVES ACADEMY,2021,Contra Costa,0.7029520295202952,0.1664188471263784,0.7453458587559744,0.9117647058823528,68.0,7100740114470.0
MARE ISLAND TECHNOLOGY ACADEMY,2021,Solano,0.46588693957115,-0.019033526748345,0.6990335267483451,0.68,25.0,48705814830196.0
MARIA CARRILLO HIGH SCHOOL,2021,Sonoma,0.1919732441471572,0.0355472629439593,0.6207027370560406,0.65625,96.0,49709204930244.0
MCCLYMONDS HIGH SCHOOL,2021,Alameda,0.8599439775910365,0.0470966471606815,0.637113879155108,0.6842105263157895,19.0,1612590110189.0
MENLO ATHERTON HIGH SCHOOL,2021,San Mateo,0.3053209459459459,-0.0611452155520916,0.6815533788173977,0.6204081632653061,245.0,41690624133716.0
METWEST HIGH SCHOOL,2021,Alameda,0.8178137651821862,-0.1546380966400574,0.6213047633067241,0.4666666666666667,15.0,1612590100701.0
MIDDLE COLLEGE HIGH SCHOOL,2021,Contra Costa,0.5656565656565656,0.008241655908726,0.7060440583769882,0.7142857142857143,49.0,7617960730291.0
MILLENNIUM HIGH SCHOOL,2021,Alameda,0.1403508771929824,-0.1783587742341843,0.6228032186786288,0.4444444444444444,9.0,1612750130286.0
MILLS HIGH SCHOOL,2021,San Mateo,0.2067796610169491,0.0088111373131742,0.6741156919551184,0.6829268292682927,123.0,41690474134557.0
MILPITAS HIGH SCHOOL,2021,Santa Clara,0.2958098811757348,-0.0696857061713477,0.7280707993390496,0.6583850931677019,322.0,43733874334470.0
MIRAMONTE HIGH SCHOOL,2021,Contra Costa,0.0442930153321976,-0.1357661190744533,0.7283587116670459,0.5925925925925926,189.0,7616300734244.0
MISSION EARLY COLLEGE HIGH SCH,2021,Santa Clara,0.3275862068965517,0.1211654288935055,0.6407393330112563,0.7619047619047619,21.0,43696740135970.0
MISSION SAN JOSE HIGH SCHOOL,2021,Alameda,0.0741638390693165,0.0938424088200016,0.7028083088833477,0.7966507177033493,418.0,1611760135244.0
MISSION SENIOR HIGH SCHOOL,2021,San Francisco,0.5610687022900763,0.199924060391526,0.7036903974397992,0.9036144578313252,83.0,38684783834082.0
MONTA VISTA HIGH SCHOOL,2021,Santa Clara,0.0433070866141732,0.0141127382745794,0.7668789972626106,0.78099173553719,484.0,43694684334462.0
MONTE VISTA HIGH SCHOOL,2021,Contra Costa,0.0376894715280622,-0.1218144419024576,0.7302286813846582,0.6084142394822006,309.0,7618040734368.0
MONTGOMERY HIGH SCHOOL,2021,Sonoma,0.3990147783251231,0.0162050044226678,0.6004616622439989,0.6166666666666667,60.0,49709204934154.0
MOUNT DIABLO HIGH SCHOOL,2021,Contra Costa,0.6573069559668155,0.0638314805891461,0.6266447098870443,0.6904761904761905,42.0,7617540734566.0
MOUNT EDEN HIGH SCHOOL,2021,Alameda,0.5460091509913574,0.08211737080734,0.6797873910974218,0.7619047619047619,84.0,1611920135319.0
MOUNT PLEASANT HIGH SCHOOL,2021,Santa Clara,0.5954716981132075,0.0534874665575203,0.660798247728194,0.7142857142857143,49.0,43694274334900.0
MOUNTAIN VIEW HIGH SCHOOL,2021,Santa Clara,0.0992467877713779,-0.0951882124101545,0.7465292085787368,0.6513409961685823,261.0,43696094334728.0
NAPA HIGH SCHOOL,2021,Napa,0.5642633228840125,-0.052871919786141,0.6750941420083633,0.6222222222222222,90.0,28662662835601.0
NEW TECHNOLOGY HIGH SCHOOL,2021,Napa,0.480719794344473,0.0621964481544545,0.6253035518455454,0.6875,16.0,28662662830115.0
NEWARK MEMORIAL HIGH SCHOOL,2021,Alameda,0.5061295971978984,-0.0480652727022633,0.6626486060355967,0.6145833333333334,96.0,1612340130054.0
NORTHGATE HIGH SCHOOL,2021,Contra Costa,0.1099195710455764,-0.02755492929753,0.6789835007261015,0.6514285714285715,175.0,7617540730044.0
NOVATO HIGH SCHOOL,2021,Marin,0.3447313328681088,-0.1032744861317886,0.7081131958092081,0.6048387096774194,124.0,21654172132272.0
OAK GROVE HIGH SCHOOL,2021,Santa Clara,0.4582836710369487,-0.1143206374172489,0.662265842896701,0.547945205479452,73.0,43694274335204.0
OAKLAND CHARTER HIGH SCHOOL,2021,Alameda,0.7930283224400871,-0.1654872239265215,0.7390166356912273,0.5735294117647058,68.0,1612590114868.0
OAKLAND HIGH SCHOOL,2021,Alameda,0.8539393939393939,0.0318551762729195,0.724050335538104,0.7559055118110236,127.0,1612590135905.0
OAKLAND INTERNATIONAL HIGH SCH,2021,Alameda,0.9002932551319648,0.0859300324225647,0.653200402360044,0.7391304347826086,23.0,1612590115667.0
OAKLAND MILITARY INST COL PREP,2021,Alameda,0.7687400318979266,0.1433720531939253,0.6482946134727413,0.7916666666666666,24.0,1612590130617.0
OAKLAND SCHOOL FOR THE ARTS,2021,Alameda,0.1647940074906367,-0.0472186035265529,0.674084275168344,0.6268656716417911,67.0,1612593030772.0
OAKLAND TECHNICAL HIGH SCHOOL,2021,Alameda,0.5068842427332994,-0.0594581199847574,0.7397859888372165,0.680327868852459,244.0,1612590136051.0
OAKLAND UNITY HIGH SCHOOL,2021,Alameda,0.8467741935483871,0.0752803782995953,0.7163862883670713,0.7916666666666666,24.0,1612590100065.0
OCEANA HIGH SCHOOL,2021,San Mateo,0.2231543624161074,-0.0953359107374119,0.6534754456211329,0.5581395348837209,43.0,41689244135075.0
OXFORD DAY ACADEMY,2021,San Mateo,0.7378640776699029,0.0314234122879956,0.635243254378671,0.6666666666666666,9.0,41104130135269.0
PALO ALTO SENIOR HIGH SCHOOL,2021,Santa Clara,0.0815347721822542,-0.0875973101442115,0.7595133206428992,0.6719160104986877,381.0,43696414335782.0
PETALUMA HIGH SCHOOL,2021,Sonoma,0.3089846603360117,-0.0998380036660494,0.6616357564750383,0.5617977528089888,89.0,49708624935151.0
PHILLIP & SALA BURTON ACAD HS,2021,San Francisco,0.6354344122657581,0.1278949474385804,0.7084686889250559,0.8363636363636363,110.0,38684783830254.0
PIEDMONT HIGH SCHOOL,2021,Alameda,0.0166865315852205,-0.1165489521828115,0.7292250085208397,0.6126760563380281,142.0,1612750136515.0
PIEDMONT HILLS HIGH SCHOOL,2021,Santa Clara,0.2443890274314214,-0.058009744291142,0.7192342340870604,0.6612244897959184,245.0,43694274335907.0
PINER HIGH SCHOOL,2021,Sonoma,0.5453895639742673,0.0763584671688936,0.5748043235287809,0.6511627906976745,43.0,49709204935292.0
PINOLE VALLEY HIGH SCHOOL,2021,Contra Costa,0.577897160399079,-0.024699826010534,0.6610634623741704,0.6363636363636364,66.0,7617960735316.0
PIONEER HIGH SCHOOL,2021,Santa Clara,0.2371069182389937,-0.0784495198438332,0.7092187506130639,0.6307692307692307,130.0,43696664335949.0
PITTSBURG HIGH SCHOOL,2021,Contra Costa,0.7101409978308026,-0.0720975640207406,0.6992162080885372,0.6271186440677966,118.0,7617880735407.0
PROSPECT HIGH SCHOOL,2021,Santa Clara,0.2905276541640178,-0.0315673578185639,0.7010588832422927,0.6694915254237288,118.0,43694014336137.0
PUBLIC SAFETY ACADEMY,2021,Solano,0.4385026737967914,0.259138317463932,0.6075283492027347,0.8666666666666667,15.0,48705400125310.0
RANCHO COTATE HIGH SCHOOL,2021,Sonoma,0.4149152542372881,-0.1073128871306665,0.568851348669128,0.4615384615384615,26.0,49738824935482.0
RAOUL WALLENBERG TRADITIONAL,2021,San Francisco,0.4673748103186646,-0.0018498116383837,0.6723043570929291,0.6704545454545454,88.0,38684783830205.0
REDWOOD HIGH SCHOOL,2021,Marin,0.0775427995971802,-0.2074214132320275,0.7397408048670086,0.532319391634981,263.0,21654822132587.0
RICHMOND HIGH SCHOOL,2021,Contra Costa,0.8583719391131701,0.0805633147879465,0.6773314220541587,0.7578947368421053,95.0,7617960735902.0
RIO VISTA HIGH SCHOOL,2021,Solano,0.4730077120822622,0.1236988863573964,0.6131432189057614,0.7368421052631579,19.0,34674134835302.0
ROBERTO CRUZ LEADERSHIP ACDMY,2021,Santa Clara,0.4749034749034749,-0.0354954346567295,0.5910509902122851,0.5555555555555556,18.0,43694270131995.0
RUTH ASAWA SCHOOL OF THE ARTS,2021,San Francisco,0.1997422680412371,-0.0251772329469829,0.7237066447116888,0.6985294117647058,136.0,38684783830387.0
SAINT HELENA HIGH SCHOOL,2021,Napa,0.3666666666666666,-0.1618797903279696,0.6475940760422554,0.4857142857142857,35.0,28662902837102.0
SAN JOSE HIGH SCHOOL,2021,Santa Clara,0.6167002012072434,0.0594989499364485,0.6328087423712437,0.6923076923076923,39.0,43696664337200.0
SAN LEANDRO HIGH SCHOOL,2021,Alameda,0.5698924731182796,0.0162463159156918,0.6749301546725435,0.6911764705882353,136.0,1612910137588.0
SAN LORENZO HIGH SCHOOL,2021,Alameda,0.6058779201205727,0.0590910749410112,0.6478054767831266,0.7068965517241379,58.0,1613090137810.0
SAN MARIN HIGH SCHOOL,2021,Marin,0.2420494699646643,-0.0627027118126674,0.7000653491753047,0.6373626373626373,91.0,21654172133056.0
SAN MATEO HIGH SCHOOL,2021,San Mateo,0.3429084380610412,-0.0559136938850957,0.7204298229173538,0.6645161290322581,155.0,41690474136370.0
SAN RAFAEL HIGH SCHOOL,2021,Marin,0.5947611710323575,-0.0383001934363217,0.6904741064798,0.6521739130434783,92.0,21654662133262.0
SAN RAMON VALLEY HIGH SCHOOL,2021,Contra Costa,0.0402462121212121,-0.1971635271538224,0.7177820838548534,0.520618556701031,194.0,7618040736504.0
SANTA CLARA HIGH SCHOOL,2021,Santa Clara,0.4241379310344828,-0.0142361521350774,0.6948644243863864,0.680628272251309,191.0,43696744330122.0
SANTA ROSA HIGH SCHOOL,2021,Sonoma,0.3824786324786324,0.1086444099042006,0.5528940516342609,0.6615384615384615,65.0,49709204936803.0
SANTA TERESA HIGH SCHOOL,2021,Santa Clara,0.2103812586127698,-0.0210621504036248,0.692703941448401,0.6716417910447762,134.0,43694274330023.0
SARATOGA HIGH SCHOOL,2021,Santa Clara,0.0341349883630721,-0.0619571511740034,0.7273563907177297,0.6653992395437263,263.0,43695344337762.0
SEQUOIA HIGH SCHOOL,2021,San Mateo,0.413075780089153,-0.0774823400375918,0.7016861616936427,0.6242038216560509,157.0,41690624136693.0
SILVER CREEK HIGH SCHOOL,2021,Santa Clara,0.3608329995995194,-0.0515739185174736,0.71212437723307,0.6605504587155964,218.0,43694274337903.0
SKYLINE HIGH SCHOOL,2021,Alameda,0.6939759036144578,0.1240289415142421,0.6995004702504637,0.8235294117647058,102.0,1612590137943.0
SONOMA VALLEY HIGH SCHOOL,2021,Sonoma,0.4239401496259352,-0.109928769971381,0.683099501678698,0.573170731707317,82.0,49709534937256.0
SOUTH SAN FRANCISCO HS,2021,San Mateo,0.3768227168073676,0.0182444160860881,0.6484222505805785,0.6666666666666666,72.0,41690704137279.0
SUMMIT PREPARATORY CHARTER HIG,2021,San Mateo,0.5779816513761468,0.06660647401654,0.7288480714380053,0.7954545454545454,44.0,41690620112722.0
SUMMIT PUBLIC SCHOOL K2,2021,Contra Costa,0.6831858407079646,-0.1168493487971434,0.7443003291893003,0.6274509803921569,51.0,7100740129684.0
SUMMIT PUBLIC SCHOOL-TAHOMA,2021,Santa Clara,0.325531914893617,0.0137546834377184,0.72470685502382,0.7384615384615385,65.0,43104390123794.0
SUMMIT PUBLIC SCHOOLS SHASTA,2021,San Mateo,0.2388059701492537,-0.0742868240830654,0.7171439669402083,0.6428571428571429,84.0,41689240127548.0
TAMALPAIS HIGH SCHOOL,2021,Marin,0.1093167701863354,-0.1083129309300294,0.7166078618056055,0.6082949308755761,217.0,21654822133692.0
TAMISCAL HIGH SCHOOL,2021,Marin,0.0862068965517241,-0.0963724396819375,0.641826985136483,0.5454545454545454,22.0,21654822130078.0
TECHNOLOGY HIGH SCHOOL,2021,Sonoma,0.1592920353982301,-0.1973853852838182,0.6973853852838182,0.5,28.0,49738824930384.0
TENNYSON HIGH SCHOOL,2021,Alameda,0.6435709526982012,0.0015200958102569,0.6580543722748494,0.6595744680851063,47.0,1611920138339.0
TERRA LINDA HIGH SCHOOL,2021,Marin,0.3865276663993585,-0.0125512364141251,0.7004944988254727,0.6879432624113475,141.0,21654662134005.0
TERRA NOVA HIGH SCHOOL,2021,San Mateo,0.2037533512064343,0.0099046894108011,0.663172233666122,0.6730769230769231,52.0,41689244137535.0
THURGOOD MARSHALL ACADEMIC HS,2021,San Francisco,0.6216730038022814,0.0232035822648922,0.6434630844017744,0.6666666666666666,21.0,38684783830403.0
TOMALES HIGH SCHOOL,2021,Marin,0.6445783132530121,0.3140965691900468,0.5859034308099532,0.9,10.0,21733612134310.0
UNIVERSITY PREP ACADEMY,2021,Santa Clara,0.3361823361823361,-0.010675531905592,0.7183678395978997,0.7076923076923077,65.0,43104390113431.0
VACAVILLE HIGH SCHOOL,2021,Solano,0.3365979381443299,-0.1594955960877014,0.6989692802982278,0.5394736842105263,76.0,48705734837803.0
VALLEJO HIGH SCHOOL,2021,Solano,0.7685788787483703,-0.0818940030032966,0.6588170799263735,0.5769230769230769,26.0,48705814838504.0
VANDEN HIGH SCHOOL,2021,Solano,0.235399284862932,-0.0832061703257112,0.6665395036590446,0.5833333333333334,84.0,48705654838801.0
VINTAGE HIGH SCHOOL,2021,Napa,0.4256110520722636,-0.0876894268576534,0.6937500329182595,0.6060606060606061,99.0,28662662830016.0
WASHINGTON HIGH SCHOOL,2021,Alameda,0.2851909994767138,-0.0622178649037425,0.7070266080731415,0.644808743169399,183.0,1611760138693.0
WESTMONT HIGH SCHOOL,2021,Santa Clara,0.2455020313406848,-0.162508632225376,0.6879323610389354,0.5254237288135594,118.0,43694014338505.0
WESTMOOR HIGH SCHOOL,2021,San Mateo,0.3015759312320917,-0.0456321585430087,0.6346732544334197,0.589041095890411,73.0,41689244137790.0
WILL C WOOD HIGH SCHOOL,2021,Solano,0.4095238095238095,-0.1391664363721613,0.6629759601816851,0.5238095238095238,42.0,48705734830089.0
WILLIAM C OVERFELT HIGH SCHOOL,2021,Santa Clara,0.6040644709180099,0.0802628234219827,0.661672660448985,0.7419354838709677,62.0,43694274335428.0
WILLOW GLEN HIGH SCHOOL,2021,Santa Clara,0.304655274012964,-0.0697019920422328,0.6838752203886895,0.6141732283464567,127.0,43696664338950.0
WINDSOR HIGH SCHOOL,2021,Sonoma,0.4699557242251739,-0.1145485498937591,0.6490313085144488,0.5344827586206896,58.0,49753584930228.0
WOODSIDE HIGH SCHOOL,2021,San Mateo,0.2750130958617077,-0.0939406185511625,0.71499325013011,0.6210526315789474,190.0,41690624138053.0
YERBA BUENA HIGH SCHOOL,2021,Santa Clara,0.6085946573751452,0.0701549783938643,0.6917497835108976,0.7619047619047619,105.0,43694274330015.0
YGNACIO VALLEY HIGH SCHOOL,2021,Contra Costa,0.6743083003952569,0.0765840235779572,0.65068870369477,0.7272727272727273,33.0,7617540737809.0
ABRAHAM LINCOLN HIGH SCHOOL,2023,San Francisco,0.4882323485227842,0.1040912645908072,0.7039087354091929,0.808,250.0,38684783833241.0
ABRAHAM LINCOLN HIGH SCHOOL,2023,Santa Clara,0.535735380980508,0.0721113080625474,0.6647307972006105,0.7368421052631579,114.0,43696664333795.0
ACALANES HIGH SCHOOL,2023,Contra Costa,0.0770452740270055,-0.0955054942478941,0.7239207947943422,0.6284153005464481,183.0,7616300730283.0
ACE CHARTER HIGH SCHOOL,2023,Santa Clara,0.8,0.1000367141802772,0.7571061429625798,0.8571428571428571,28.0,43694270125617.0
ADRIAN C WILCOX HIGH SCHOOL,2023,Santa Clara,0.3975255513717052,0.0930058776506034,0.7002902117348715,0.7932960893854749,179.0,43696744338802.0
ALAMEDA COMMUNITY LEARNING CTR,2023,Alameda,0.3391959798994975,-0.0311892822039779,0.6675529185676143,0.6363636363636364,22.0,1611190130609.0
ALAMEDA HIGH SCHOOL,2023,Alameda,0.3135405105438402,0.0747636794661926,0.7235556482648998,0.7983193277310925,238.0,1611190130229.0
ALAMEDA SCIENCE & TECHNICAL INST,2023,Alameda,0.4311377245508982,0.0351822773982325,0.6721347957724991,0.7073170731707317,41.0,1611190106401.0
ALBANY HIGH SCHOOL,2023,Alameda,0.263249348392702,0.0099351650457888,0.7113763103640472,0.7213114754098361,183.0,1611270130450.0
ALHAMBRA HIGH SCHOOL,2023,Contra Costa,0.3828054298642533,0.0101405485410662,0.6389822584764776,0.6491228070175439,57.0,7617390730549.0
ALPHA CINDY AVITIA HIGH SCHOOL,2023,Santa Clara,0.6659340659340659,0.0117537691542052,0.5882462308457947,0.6,25.0,43694270132274.0
AMADOR VALLEY HIGH SCHOOL,2023,Alameda,0.0709193245778611,0.0658582828189474,0.7607748830101982,0.8266331658291457,398.0,1751010130583.0
AMERICAN CANYON HIGH SCHOOL,2023,Napa,0.5301974448315911,0.0292201699760125,0.6949177610584703,0.7241379310344828,87.0,28662660121087.0
AMERICAN HIGH SCHOOL,2023,Alameda,0.1531387445021991,0.1433903795098642,0.7426855698572243,0.8860759493670886,395.0,1611760130062.0
ANALY HIGH SCHOOL,2023,Sonoma,0.4154160982264666,0.0511224852336092,0.6725617252927065,0.7236842105263158,76.0,49706074930400.0
ANDREW P HILL HIGH SCHOOL,2023,Santa Clara,0.4886297376093294,0.11022947753133,0.6490297817279292,0.7592592592592593,54.0,43694274332995.0
ANGELO RODRIGUEZ HIGH SCHOOL,2023,Solano,0.2369053339740509,-0.0821024628818205,0.690494071273429,0.6083916083916084,143.0,48705404830170.0
ANN SOBRATO HIGH SCHOOL,2023,Santa Clara,0.2735042735042735,-0.0472407026045758,0.6972407026045758,0.65,140.0,43695830102368.0
ANTIOCH HIGH SCHOOL,2023,Contra Costa,0.8112244897959183,0.0993177693401476,0.6328250878027094,0.7321428571428571,56.0,7616480730861.0
ARAGON HIGH SCHOOL,2023,San Mateo,0.1488505747126436,0.0346872686713511,0.7192809852969028,0.753968253968254,252.0,41690474130217.0
ARCHIE WILLIAMS HIGH SCHOOL,2023,Marin,0.1111111111111111,-0.0621128302096981,0.681515815284325,0.6194029850746269,134.0,21654822131340.0
ARISE HIGH SCHOOL,2023,Alameda,0.6386138613861386,-0.140015518313999,0.740015518313999,0.6,20.0,1612590115238.0
ARMIJO HIGH SCHOOL,2023,Solano,0.5210981189628876,0.03078064664668,0.6431323968315809,0.6739130434782609,46.0,48705404830451.0
ARROYO HIGH SCHOOL,2023,Alameda,0.7006211180124223,0.0800304697312217,0.6775452878445358,0.7575757575757576,99.0,1613090130849.0
ASPIRE LIONEL WILSON COLG PREP,2023,Alameda,0.802660753880266,0.0547729828481168,0.6952270171518832,0.75,24.0,1612590130666.0
ASPIRE RICHMOND CA COLG PREP,2023,Contra Costa,0.6920473773265652,0.087243036917036,0.6794236297496307,0.7666666666666667,30.0,7617960132100.0
BALBOA HIGH SCHOOL,2023,San Francisco,0.6134585289514867,0.0111971994997477,0.6982622599597117,0.7094594594594594,148.0,38684783830288.0
BENICIA HIGH SCHOOL,2023,Solano,0.236731843575419,0.0717224715145681,0.6758503440194125,0.7475728155339806,103.0,48705244831004.0
BERKELEY HIGH SCHOOL,2023,Alameda,0.2303370786516854,0.0433031907813772,0.783451195183535,0.8267543859649122,456.0,1611430131177.0
BRANHAM HIGH SCHOOL,2023,Santa Clara,0.2959798994974874,0.051780237198215,0.7140425476119115,0.7658227848101266,158.0,43694014330866.0
BUCKINGHAM COLLEGIATE CHARTER,2023,Solano,0.2945054945054945,0.0111586061771662,0.6555080604895004,0.6666666666666666,15.0,48705734830113.0
BURLINGAME HIGH SCHOOL,2023,San Mateo,0.1257406188281764,-0.0182312818592671,0.7246989435508094,0.7064676616915423,201.0,41690474130472.0
CALIFORNIA HIGH SCHOOL,2023,Contra Costa,0.0791941646405001,0.0076725748787154,0.7148405141265202,0.7225130890052356,382.0,7618040730051.0
CALISTOGA JUNIOR SENIOR HIGH SCHOOL,2023,Napa,0.8026315789473685,0.2417084577857094,0.6249582088809572,0.8666666666666667,30.0,28662412831758.0
CAMPOLINDO HIGH SCHOOL,2023,Contra Costa,0.0498883097542814,-0.0711052957513449,0.72428448650279,0.653179190751445,173.0,7616300731125.0
CAPUCHINO HIGH SCHOOL,2023,San Mateo,0.2823098075160403,0.0917104281041967,0.6737216706612353,0.7654320987654321,81.0,41690474130738.0
CARLMONT HIGH SCHOOL,2023,San Mateo,0.0874246339362618,-0.0044076991765944,0.7311682625568762,0.7267605633802817,355.0,41690624130993.0
CASA GRANDE HIGH SCHOOL,2023,Sonoma,0.4467836257309941,0.0173400911404374,0.666870435175352,0.6842105263157895,95.0,49708624930012.0
CASTLEMONT HIGH SCHOOL,2023,Alameda,0.9823529411764704,0.1746151723479136,0.6378848276520863,0.8125,32.0,1612590125161.0
CASTRO VALLEY HIGH SCHOOL,2023,Alameda,0.3483386923901393,-0.1152047719011285,0.748745144571936,0.6335403726708074,322.0,1611500132225.0
CHRISTOPHER HIGH SCHOOL,2023,Santa Clara,0.3485576923076923,-0.0355895522547491,0.6719531886183855,0.6363636363636364,77.0,43694840118380.0
CIRCLE OF INDEPENDENT LEARNING,2023,Alameda,0.3391521197007481,0.252281784034815,0.5169489851959542,0.7692307692307693,13.0,1611760130534.0
CITY ARTS AND LEADERSHIP ACADEMY,2023,San Francisco,0.6849894291754757,-0.1635416194431224,0.7587797146812176,0.5952380952380952,42.0,38684780107300.0
CLAYTON VALLEY CHARTER HIGH SCHOOL,2023,Contra Costa,0.2137757244855103,-0.1614231844775883,0.7894719649653932,0.6280487804878049,164.0,7100740731380.0
CLOVERDALE HIGH SCHOOL,2023,Sonoma,0.4333333333333333,0.0237272573367345,0.4762727426632654,0.5,20.0,49706564930855.0
COLISEUM COLLEGE PREP ACADEMY,2023,Alameda,0.9671428571428572,0.2669331053588277,0.7098110806876838,0.9767441860465116,43.0,1612590112797.0
COLLEGE PARK HIGH SCHOOL,2023,Contra Costa,0.1748466257668711,-0.0666799291269077,0.6666799291269078,0.6,130.0,7617540731646.0
CONCORD HIGH SCHOOL,2023,Contra Costa,0.3753213367609254,0.1634157679402789,0.6260579162702474,0.7894736842105263,38.0,7617540731836.0
CUPERTINO HIGH SCHOOL,2023,Santa Clara,0.086129193790686,0.1056145324468076,0.7438752634715597,0.8494897959183674,392.0,43694684331799.0
DE ANZA HIGH SCHOOL,2023,Contra Costa,0.5933710590137429,0.0338848507515419,0.6788811066952666,0.7127659574468085,94.0,7617960732164.0
DEER VALLEY HIGH SCHOOL,2023,Contra Costa,0.7082658022690438,0.0747202003669673,0.6295051517457086,0.704225352112676,71.0,7616480730465.0
DEL MAR HIGH SCHOOL,2023,Santa Clara,0.6898685228151585,-0.0897966558766132,0.6897966558766132,0.6,60.0,43694014331955.0
DESIGN TECH HIGH SCHOOL,2023,San Mateo,0.0605504587155963,0.043526050575196,0.7064739494248039,0.75,84.0,41690470129759.0
DIXON HIGH SCHOOL,2023,Solano,0.3859822309970385,-0.0102222723711206,0.6268889390377873,0.6166666666666667,60.0,48705324832259.0
DOUGHERTY VALLEY HIGH SCHOOL,2023,Contra Costa,0.0774193548387096,0.1578890195702916,0.7419519979177847,0.8998410174880763,629.0,7618040113118.0
DOZIER-LIBBEY MEDICAL HIGH SCH,2023,Contra Costa,0.7310443490701002,0.0457138312570745,0.6209528354095921,0.6666666666666666,39.0,7616480117218.0
DR TJ OWENS GILROY EARLY COLG,2023,Santa Clara,0.3835125448028674,0.0056767990713429,0.694323200928657,0.7,50.0,43694840114496.0
DUBLIN HIGH SCHOOL,2023,Alameda,0.0805714285714285,0.0711649656931014,0.7481898730165759,0.8193548387096774,465.0,1750930132704.0
EAST BAY INNOVATION ACADEMY,2023,Alameda,0.2326454033771107,0.0903792949502256,0.6743265874027154,0.7647058823529411,34.0,1612590129932.0
EAST PALO ALTO ACADEMY,2023,San Mateo,0.68561872909699,-0.0263614621180999,0.6053088305391526,0.5789473684210527,19.0,41690620126722.0
EL CAMINO HIGH,2023,San Mateo,0.2472293265132139,-0.0644885121637398,0.686439731675935,0.6219512195121951,82.0,41690704132551.0
EL CERRITO HIGH SCHOOL,2023,Contra Costa,0.4159001314060447,0.0864278799701991,0.6961808156819748,0.782608695652174,161.0,7617960732941.0
ELSIE ALLEN HIGH SCHOOL,2023,Sonoma,0.5071090047393365,0.1482206726048264,0.5790520546679009,0.7272727272727273,22.0,49709204930160.0
EMERY SECONDARY SCHOOL,2023,Alameda,0.6149732620320856,0.1493488483247944,0.5706511516752055,0.72,25.0,1611680132746.0
ENVISION ACAD ARTS/TECHNOLOGY,2023,Alameda,0.7867647058823529,-0.1338600574158255,0.7338600574158255,0.6,20.0,1100170112607.0
EVERGREEN VALLEY HIGH SCHOOL,2023,Santa Clara,0.1261293820021684,0.0867672220799553,0.7367621896847505,0.8235294117647058,425.0,43694274330692.0
FAIRFIELD HIGH SCHOOL,2023,Solano,0.575015309246785,-0.020999576145274,0.620999576145274,0.6,25.0,48705404833000.0
FOOTHILL HIGH SCHOOL,2023,Alameda,0.0695770804911323,0.0873371960226582,0.7459961373106752,0.8333333333333334,318.0,1751010130096.0
FREEDOM HIGH SCHOOL,2023,Contra Costa,0.3165809259992085,0.0219502905614654,0.6804306618194869,0.7023809523809523,84.0,7617210730457.0
FREMONT HIGH SCHOOL,2023,Alameda,0.9694589877835952,0.0399670761672958,0.7100329238327041,0.75,32.0,1612590125716.0
FREMONT HIGH SCHOOL,2023,Santa Clara,0.2270842929525564,0.0781367619934154,0.7102230263663729,0.7883597883597884,189.0,43694684332474.0
GALILEO ACAD OF SCIENCE & TECH,2023,San Francisco,0.5733844468784228,0.0377134512717963,0.7272438136854685,0.7649572649572649,234.0,38684783831765.0
GATEWAY HIGH SCHOOL,2023,San Francisco,0.4907975460122699,-0.0142092296146185,0.7388469107740389,0.7246376811594203,69.0,38684783830437.0
GEORGE WASHINGTON HIGH SCHOOL,2023,San Francisco,0.4724950884086444,-0.0514622048676852,0.7474081508136312,0.6959459459459459,296.0,38684783839081.0
GILROY HIGH SCHOOL,2023,Santa Clara,0.4882116158711903,-0.1401271866654084,0.6618663171001911,0.5217391304347826,46.0,43694844332839.0
GRANADA HIGH SCHOOL,2023,Alameda,0.2176393154892496,-0.0804599907498824,0.6929599907498825,0.6125,160.0,1612000133397.0
HALF MOON BAY HIGH SCHOOL,2023,San Mateo,0.3212890625,0.113504520134787,0.51867938791119,0.632183908045977,87.0,41688904132817.0
HAYWARD HIGH SCHOOL,2023,Alameda,0.6261682242990654,0.0772401434377001,0.6618902913449085,0.7391304347826086,69.0,1611920133629.0
HAYWARD TWIN OAKS MONTESSORI,2023,Alameda,0.2603978300180832,0.0417689921036753,0.6505387002040169,0.6923076923076923,13.0,1611920127944.0
HEALDSBURG HIGH SCHOOL,2023,Sonoma,0.461839530332681,-0.0213327661538383,0.6602216550427272,0.6388888888888888,36.0,49753904932554.0
HENRY M GUNN SENIOR HIGH SCHL,2023,Santa Clara,0.1029658645775042,-0.0309442620546746,0.760829319525939,0.7298850574712644,348.0,43696414332904.0
HENRY T GUNDERSON HIGH SCHOOL,2023,Santa Clara,0.5352877307274702,0.0645853861906086,0.6497003280951057,0.7142857142857143,56.0,43696664330080.0
HERCULES HIGH SCHOOL,2023,Contra Costa,0.2779291553133515,0.1154833594118934,0.6755614167075095,0.7910447761194029,67.0,7617960730598.0
HERITAGE HIGH SCHOOL,2023,Contra Costa,0.1821023837436498,-0.0109841541599869,0.7066363280730305,0.6956521739130435,161.0,7617210107797.0
HILLSDALE HIGH SCHOOL,2023,San Mateo,0.1903007980356046,-0.0786132184519038,0.7082428480815335,0.6296296296296297,162.0,41690474133070.0
HOMESTEAD HIGH SCHOOL,2023,Santa Clara,0.1207269580268282,0.0197877337540937,0.7444609709091188,0.7642487046632125,386.0,43694684333316.0
IMPACT ACAD ARTS/TECHNOLOGY,2023,Alameda,0.6180645161290322,-0.1474747314883472,0.7344312532274777,0.5869565217391305,46.0,1611920137646.0
INDEPENDENCE HIGH SCHOOL,2023,San Francisco,0.5170731707317073,0.1597327317492691,0.5902672682507308,0.75,12.0,38684783830197.0
INDEPENDENCE HIGH SCHOOL,2023,Santa Clara,0.3718712753277711,-0.0566532169463795,0.7132797229704759,0.6566265060240963,166.0,43694274330031.0
IRVINGTON HIGH SCHOOL,2023,Alameda,0.1807884005437245,0.1197540356131722,0.7613270454679089,0.8810810810810811,370.0,1611760134270.0
JAMES LICK HIGH SCHOOL,2023,Santa Clara,0.4498308906426155,0.1119404266084688,0.6299950572624989,0.7419354838709677,31.0,43694274333639.0
JAMES LOGAN HIGH SCHOOL,2023,Alameda,0.375867269984917,-0.0776865440125688,0.7078752232578518,0.630188679245283,265.0,1612420134668.0
JEFFERSON HIGH SCHOOL,2023,San Mateo,0.3684210526315789,0.0578179631392284,0.6882137828925176,0.746031746031746,63.0,41689244133393.0
JESSE M BETHEL HIGH SCHOOL,2023,Solano,0.7913571910871033,-0.0370364471539202,0.6524210625385357,0.6153846153846154,39.0,48705814830147.0
JOHN F KENNEDY HIGH SCHOOL,2023,Alameda,0.4031180400890868,0.1024962357137039,0.6771647812354487,0.7796610169491526,118.0,1611760134452.0
JOHN F KENNEDY HIGH SCHOOL,2023,Contra Costa,0.6549210206561361,0.3513704123003843,0.6129153019853301,0.9642857142857144,28.0,7617960733659.0
JOHN HENRY HIGH SCHOOL,2023,Contra Costa,0.7794561933534743,0.0333895947672125,0.7166104052327874,0.75,28.0,7773540132233.0
JOHN O'CONNELL HIGH SCHOOL,2023,San Francisco,0.7470355731225297,0.059259185051166,0.637710511918531,0.696969696969697,33.0,38684783834769.0
JOHN SWETT HIGH SCHOOL,2023,Contra Costa,0.618421052631579,0.0755376658203501,0.6086728604954393,0.6842105263157895,19.0,7616970737023.0
JUNE JORDAN SCHOOL FOR EQUITY,2023,San Francisco,0.6318407960199005,0.0463950953912714,0.6459125969164209,0.6923076923076923,13.0,38684780102103.0
KIPP KING COLLEGIATE HIGH SCH,2023,Alameda,0.7021276595744681,0.0925961492890258,0.7615705173776408,0.8541666666666666,96.0,1613090114421.0
KIPP SAN FRANCISCO COLG PREP,2023,San Francisco,0.8164556962025317,0.0965207355774769,0.747229264422523,0.84375,32.0,38684780127530.0
KIPP SAN JOSE COLLEGIATE,2023,Santa Clara,0.7383720930232558,0.0792933435327117,0.7635637993244311,0.8428571428571429,70.0,43694270116889.0
LAS LOMAS HIGH SCHOOL,2023,Contra Costa,0.1183959261616804,-0.0078058442913748,0.7275860640715947,0.7197802197802198,182.0,7616300733725.0
LATINO COLLEGE PREP ACADEMY,2023,Santa Clara,0.7647058823529411,0.0314315334767739,0.593568466523226,0.625,24.0,43694274330668.0
LEADERSHIP PUBLIC SCH HAYWARD,2023,Alameda,0.4639175257731959,-0.0687152116083037,0.7232606661537583,0.6545454545454545,55.0,1611920108670.0
LEADERSHIP PUBLIC SCH RICHMOND,2023,Contra Costa,0.6366906474820144,-0.0448282579454933,0.7266464397636752,0.6818181818181818,44.0,7617960101477.0
LEIGH HIGH SCHOOL,2023,Santa Clara,0.1788079470198675,-0.0784325069057264,0.7330716821634584,0.654639175257732,194.0,43694014330239.0
LELAND HIGH SCHOOL,2023,Santa Clara,0.1054613935969868,0.0559512864980829,0.7123413964287464,0.7682926829268293,246.0,43696664333522.0
LIBERTY HIGH SCHOOL,2023,Contra Costa,0.2336683417085427,-0.0232087602580334,0.7021078428268408,0.6788990825688074,109.0,7617210733980.0
LIFE ACADEMY HIGH SCHOOL,2023,Alameda,0.9528301886792452,-0.0095237580854777,0.5928570914188112,0.5833333333333334,24.0,1612590130575.0
LIGHTHOUSE COMMUNITY CHAR HS,2023,Alameda,0.9511400651465798,0.0487628731038061,0.7290149046739717,0.7777777777777778,36.0,1612590108944.0
LIVE OAK HIGH SCHOOL,2023,Santa Clara,0.3843447669305189,-0.1524860962008444,0.6426821746322169,0.4901960784313725,51.0,43695834333951.0
LIVERMORE HIGH SCHOOL,2023,Alameda,0.2798866855524079,0.0844903650503231,0.6466924306486016,0.7311827956989247,93.0,1612000134536.0
LOS ALTOS HIGH SCHOOL,2023,Santa Clara,0.1289117234936945,0.0533924334701345,0.7395069748138892,0.7928994082840237,338.0,43696094334116.0
LOS GATOS HIGH SCHOOL,2023,Santa Clara,0.1112723754233188,-0.1070021054957963,0.744994937037015,0.6379928315412187,279.0,43695344334371.0
LOWELL HIGH SCHOOL,2023,San Francisco,0.371580547112462,-0.0014669116980317,0.7890923297582324,0.7876254180602007,598.0,38684783833407.0
LUIS VALDEZ LEADERSHIP ACADEMY,2023,Santa Clara,0.7592592592592593,0.1181088178802036,0.6318911821197963,0.75,20.0,43694270130856.0
LYNBROOK HIGH SCHOOL,2023,Santa Clara,0.0442274554853532,0.0587810731966151,0.7527767157481084,0.8115577889447236,398.0,43694684334421.0
MADISON PARK ACADEMY,2023,Alameda,0.973293768545994,-0.0130741952766284,0.5964075286099618,0.5833333333333334,24.0,1612596066450.0
MAKING WAVES ACADEMY,2023,Contra Costa,0.8354092526690391,0.189327334840066,0.748172665159934,0.9375,64.0,7100740114470.0
MARE ISLAND TECHNOLOGY ACADEMY,2023,Solano,0.4988452655889145,-0.1314540260425007,0.6769085714970462,0.5454545454545454,22.0,48705814830196.0
MARIA CARRILLO HIGH SCHOOL,2023,Sonoma,0.2463859208045254,-0.0491674483687279,0.6797980789993586,0.6306306306306306,111.0,49709204930244.0
MCCLYMONDS HIGH SCHOOL,2023,Alameda,0.9039145907473308,0.0011148596643258,0.652731294181828,0.6538461538461539,26.0,1612590110189.0
MENLO ATHERTON HIGH SCHOOL,2023,San Mateo,0.304,0.0176983607588451,0.7125341973806898,0.7302325581395349,215.0,41690624133716.0
METWEST HIGH SCHOOL,2023,Alameda,0.7297297297297297,0.1506049416590388,0.6675768765227794,0.8181818181818182,33.0,1612590100701.0
MIDDLE COLLEGE HIGH SCHOOL,2023,Contra Costa,0.6548042704626335,0.1168901516257201,0.7194734847379162,0.8363636363636363,55.0,7617960730291.0
MILLS HIGH SCHOOL,2023,San Mateo,0.1875547765118317,0.0257058003999588,0.685137573094017,0.7108433734939759,166.0,41690474134557.0
MILPITAS HIGH SCHOOL,2023,Santa Clara,0.2792465300727032,0.0202177970988651,0.7171559402748722,0.7373737373737373,297.0,43733874334470.0
MILPITAS MIDDLE COLLEGE HS,2023,Santa Clara,0.2580645161290322,-0.0026238290754873,0.5740524005040587,0.5714285714285714,7.0,43733870140673.0
MIRAMONTE HIGH SCHOOL,2023,Contra Costa,0.0496150556030795,-0.0809287843716168,0.7221052549598522,0.6411764705882353,170.0,7616300734244.0
MISSION EARLY COLLEGE HIGH SCH,2023,Santa Clara,0.3333333333333333,0.0836692186665456,0.6531728865966122,0.7368421052631579,19.0,43696740135970.0
MISSION SAN JOSE HIGH SCHOOL,2023,Alameda,0.1017039403620873,0.1446406369307953,0.7577403154501571,0.9023809523809524,420.0,1611760135244.0
MISSION SENIOR HIGH SCHOOL,2023,San Francisco,0.5773294908741594,0.2165698054237319,0.7044828261552153,0.9210526315789472,114.0,38684783834082.0
MONTA VISTA HIGH SCHOOL,2023,Santa Clara,0.0531125071387778,0.0858323527338879,0.7582923475059202,0.8441247002398081,417.0,43694684334462.0
MONTE VISTA HIGH SCHOOL,2023,Contra Costa,0.043691484618814,-0.0700140538135843,0.6994070250595907,0.6293929712460063,313.0,7618040734368.0
MONTGOMERY HIGH SCHOOL,2023,Sonoma,0.3963104325699745,-0.0282094029627344,0.6404543009219181,0.6122448979591837,49.0,49709204934154.0
MOUNT DIABLO HIGH SCHOOL,2023,Contra Costa,0.6081441922563418,0.0067175107103547,0.6211894660338313,0.627906976744186,43.0,7617540734566.0
MOUNT EDEN HIGH SCHOOL,2023,Alameda,0.6877247046738573,0.0404187124571784,0.6959449239064579,0.7363636363636363,110.0,1611920135319.0
MOUNT PLEASANT HIGH SCHOOL,2023,Santa Clara,0.4416873449131513,0.0347399740375724,0.6252600259624276,0.66,50.0,43694274334900.0
MOUNTAIN VIEW HIGH SCHOOL,2023,Santa Clara,0.1265765765765766,-0.0205348178445466,0.7447772420869709,0.7242424242424242,330.0,43696094334728.0
NAPA HIGH SCHOOL,2023,Napa,0.7264472190692395,-0.0338782127555743,0.6646474435248051,0.6307692307692307,65.0,28662662835601.0
NEW TECHNOLOGY HIGH SCHOOL,2023,Napa,0.6938202247191011,-0.0007593361662898,0.611870447277401,0.6111111111111112,18.0,28662662830115.0
NEWARK MEMORIAL HIGH SCHOOL,2023,Alameda,0.4059602649006622,-0.0198834614166956,0.6725150403640641,0.6526315789473685,95.0,1612340130054.0
NORTHGATE HIGH SCHOOL,2023,Contra Costa,0.0982083609820836,-0.0668558397038487,0.7054697010899874,0.6386138613861386,202.0,7617540730044.0
NOVATO HIGH SCHOOL,2023,Marin,0.3347050754458162,0.0392720125271496,0.6797362519356603,0.71900826446281,121.0,21654172132272.0
OAK GROVE HIGH SCHOOL,2023,Santa Clara,0.3988173455978975,0.0960100930852214,0.6453692172596062,0.7413793103448276,58.0,43694274335204.0
OAKLAND CHARTER HIGH SCHOOL,2023,Alameda,0.8249400479616307,-0.0122120402569875,0.7483231513680987,0.7361111111111112,72.0,1612590114868.0
OAKLAND HIGH SCHOOL,2023,Alameda,0.8791639451338994,0.0598945359778334,0.7170285409452435,0.7769230769230769,130.0,1612590135905.0
OAKLAND INTERNATIONAL HIGH SCH,2023,Alameda,0.9648562300319488,0.0603422871839712,0.653943427101743,0.7142857142857143,7.0,1612590115667.0
OAKLAND MILITARY INST COL PREP,2023,Alameda,0.7543859649122807,-0.1324132886276051,0.6475648037791203,0.5151515151515151,33.0,1612590130617.0
OAKLAND SCHOOL FOR THE ARTS,2023,Alameda,0.3324775353016688,0.0360388725698153,0.6698434803713612,0.7058823529411765,51.0,1612593030772.0
OAKLAND TECHNICAL HIGH SCHOOL,2023,Alameda,0.5723830734966593,-0.0086378167100202,0.7586378167100203,0.75,232.0,1612590136051.0
OAKLAND UNITY HIGH SCHOOL,2023,Alameda,0.8974358974358975,0.1141651311728125,0.7429777259700445,0.8571428571428571,28.0,1612590100065.0
OCEANA HIGH SCHOOL,2023,San Mateo,0.1962616822429906,0.0643216596802066,0.6606783403197933,0.725,40.0,41689244135075.0
OXFORD DAY ACADEMY,2023,San Mateo,0.7391304347826086,0.351253152963223,0.648746847036777,1.0,9.0,41104130135269.0
PALO ALTO SENIOR HIGH SCHOOL,2023,Santa Clara,0.1019076305220883,-0.0847028764378222,0.762574024897206,0.6778711484593838,357.0,43696414335782.0
PETALUMA HIGH SCHOOL,2023,Sonoma,0.3975409836065574,-0.0251137965587616,0.6670891052007369,0.6419753086419753,81.0,49708624935151.0
PHILLIP & SALA BURTON ACAD HS,2023,San Francisco,0.6132075471698113,0.0185578029500335,0.6867053549447033,0.7052631578947368,95.0,38684783830254.0
PIEDMONT HIGH SCHOOL,2023,Alameda,0.036697247706422,-0.043839018352617,0.7158390183526171,0.672,125.0,1612750136515.0
PIEDMONT HILLS HIGH SCHOOL,2023,Santa Clara,0.2161038961038961,-0.1173945640910575,0.7080922385096622,0.5906976744186047,215.0,43694274335907.0
PINER HIGH SCHOOL,2023,Sonoma,0.5084496693607642,0.1664347327752914,0.5903220239814654,0.7567567567567568,37.0,49709204935292.0
PINOLE VALLEY HIGH SCHOOL,2023,Contra Costa,0.4375,-0.0492100636407687,0.6595996740303791,0.6103896103896104,77.0,7617960735316.0
PIONEER HIGH SCHOOL,2023,Santa Clara,0.2708058124174372,-0.0711667725819688,0.7047071452527762,0.6335403726708074,161.0,43696664335949.0
PITTSBURG HIGH SCHOOL,2023,Contra Costa,0.7409845449341729,-0.0739583569556513,0.7012875495022352,0.6273291925465838,161.0,7617880735407.0
PROSPECT HIGH SCHOOL,2023,Santa Clara,0.4475668265935572,0.0460829526402626,0.6999487933914834,0.746031746031746,126.0,43694014336137.0
PUBLIC SAFETY ACADEMY,2023,Solano,0.388739946380697,0.174873344364666,0.6029044334131117,0.7777777777777778,9.0,48705400125310.0
RANCHO COTATE HIGH SCHOOL,2023,Sonoma,0.3550589695841092,-0.0415326604607682,0.6502283126346813,0.6086956521739131,46.0,49738824935482.0
RAOUL WALLENBERG TRADITIONAL,2023,San Francisco,0.4936247723132969,0.1440802654936808,0.6587366359147699,0.8028169014084507,71.0,38684783830205.0
REDWOOD HIGH SCHOOL,2023,Marin,0.0805585392051557,-0.1296914226850974,0.7142502462145093,0.5845588235294118,272.0,21654822132587.0
RICHMOND HIGH SCHOOL,2023,Contra Costa,0.6324248777078966,0.2021965001032338,0.6452611270154102,0.847457627118644,59.0,7617960735902.0
RIO VISTA HIGH SCHOOL,2023,Solano,0.4986376021798365,0.1239296143834707,0.5982926078387515,0.7222222222222222,18.0,34674134835302.0
ROBERTO CRUZ LEADERSHIP ACDMY,2023,Santa Clara,0.8181818181818182,0.2846981625765636,0.5724446945662934,0.8571428571428571,7.0,43694270131995.0
ROBERTSON HIGH SCH VISTA ALTERNATVE,2023,Alameda,0.4137931034482758,0.0215131452292948,0.5784868547707052,0.6,5.0,1611760130435.0
RUTH ASAWA SCHOOL OF THE ARTS,2023,San Francisco,0.187039764359352,-0.015790132724016,0.7087035185507877,0.6929133858267716,127.0,38684783830387.0
SAINT HELENA HIGH SCHOOL,2023,Napa,0.3340857787810384,0.0288965209662758,0.6111034790337242,0.64,25.0,28662902837102.0
SAN JOSE HIGH SCHOOL,2023,Santa Clara,0.6766595289079229,-0.0015798087099002,0.5829751575471096,0.5813953488372093,43.0,43696664337200.0
SAN LEANDRO HIGH SCHOOL,2023,Alameda,0.7038191738113796,-0.0551784540205373,0.6969694987966567,0.6417910447761194,134.0,1612910137588.0
SAN LORENZO HIGH SCHOOL,2023,Alameda,0.887858347386172,0.0268673015172788,0.6466020862378231,0.673469387755102,49.0,1613090137810.0
SAN MARIN HIGH SCHOOL,2023,Marin,0.2001748251748251,-0.0241357042248364,0.66770006066048,0.6435643564356436,101.0,21654172133056.0
SAN MATEO HIGH SCHOOL,2023,San Mateo,0.2938623682579045,0.0989499865047898,0.67815844723015,0.7771084337349398,166.0,41690474136370.0
SAN RAFAEL HIGH SCHOOL,2023,Marin,0.6885375494071146,0.0430080739114168,0.6985649597964484,0.7415730337078652,89.0,21654662133262.0
SAN RAMON VALLEY HIGH SCHOOL,2023,Contra Costa,0.0540131246845027,-0.1454762047013855,0.6979623925466895,0.5524861878453039,181.0,7618040736504.0
SANTA CLARA HIGH SCHOOL,2023,Santa Clara,0.4240129799891833,0.0132502150315212,0.6854677336864274,0.6987179487179487,156.0,43696744330122.0
SANTA ROSA HIGH SCHOOL,2023,Sonoma,0.3870392390011891,-0.0166266244345868,0.6342736832581163,0.6176470588235294,68.0,49709204936803.0
SANTA TERESA HIGH SCHOOL,2023,Santa Clara,0.1434426229508196,0.0151870669648591,0.6885166367388446,0.7037037037037037,189.0,43694274330023.0
SARATOGA HIGH SCHOOL,2023,Santa Clara,0.1063651591289782,0.0817942386321128,0.7333318117880552,0.8151260504201681,238.0,43695344337762.0
SEQUOIA HIGH SCHOOL,2023,San Mateo,0.3603981141959141,0.0097492421331893,0.7037642713803242,0.7135135135135136,185.0,41690624136693.0
SILVER CREEK HIGH SCHOOL,2023,Santa Clara,0.2535637149028077,-0.0039586092649613,0.704441701052401,0.7004830917874396,207.0,43694274337903.0
SKYLINE HIGH SCHOOL,2023,Alameda,0.7276729559748427,0.1009563067071322,0.7089610486647685,0.8099173553719008,121.0,1612590137943.0
SONOMA VALLEY HIGH SCHOOL,2023,Sonoma,0.4125998225377107,0.0357734938035569,0.6543673512668655,0.6901408450704225,71.0,49709534937256.0
SOUTH SAN FRANCISCO HS,2023,San Mateo,0.4078125,-0.1615843721422135,0.6543379953306193,0.4927536231884058,69.0,41690704137279.0
SUMMIT PREPARATORY CHARTER HIG,2023,San Mateo,0.6015424164524421,-0.0558895396892858,0.73236012792458,0.6764705882352942,34.0,41690620112722.0
SUMMIT PUBLIC SCHOOL K2,2023,Contra Costa,0.7213438735177866,-0.0496578097675408,0.747332228372192,0.6976744186046512,43.0,7100740129684.0
SUMMIT PUBLIC SCHOOL-TAHOMA,2023,Santa Clara,0.232484076433121,0.0707654570783319,0.6859912996784249,0.7567567567567568,37.0,43104390123794.0
SUMMIT PUBLIC SCHOOLS SHASTA,2023,San Mateo,0.2601809954751131,-0.0508021403735734,0.7174688070402401,0.6666666666666666,69.0,41689240127548.0
TAMALPAIS HIGH SCHOOL,2023,Marin,0.1,0.0151054691956272,0.7012406846505266,0.7163461538461539,208.0,21654822133692.0
TAMISCAL HIGH SCHOOL,2023,Marin,0.1171875,0.1250088400404407,0.5749911599595592,0.7,30.0,21654822130078.0
TECHNOLOGY HIGH SCHOOL,2023,Sonoma,0.1580547112462006,-0.0943365329774351,0.6943365329774351,0.6,40.0,49738824930384.0
TENNYSON HIGH SCHOOL,2023,Alameda,0.647324306898775,0.2363108818812243,0.6446414990711566,0.8809523809523809,42.0,1611920138339.0
TERRA LINDA HIGH SCHOOL,2023,Marin,0.48107653490328,-0.0519544061663382,0.6912986684614203,0.639344262295082,122.0,21654662134005.0
TERRA NOVA HIGH SCHOOL,2023,San Mateo,0.2016238159675236,0.0285610035886758,0.6471146720869998,0.6756756756756757,37.0,41689244137535.0
THURGOOD MARSHALL ACADEMIC HS,2023,San Francisco,0.6630196936542669,-0.0588995247871282,0.6213995247871282,0.5625,16.0,38684783830403.0
TOMALES HIGH SCHOOL,2023,Marin,0.6223776223776224,0.1044725892713908,0.5878351030363015,0.6923076923076923,13.0,21733612134310.0
UNIVERSITY PREP ACADEMY,2023,Santa Clara,0.3001402524544179,-0.0721242562487279,0.7306608416145817,0.6585365853658537,82.0,43104390113431.0
VACAVILLE HIGH SCHOOL,2023,Solano,0.3575727181544634,-0.0529723450751238,0.6858837374801872,0.6329113924050633,79.0,48705734837803.0
VALLEJO HIGH SCHOOL,2023,Solano,0.80374531835206,0.1313956501140097,0.6305091117907521,0.7619047619047619,21.0,48705814838504.0
VANDEN HIGH SCHOOL,2023,Solano,0.400609756097561,-0.1384518235413588,0.6703667171583801,0.5319148936170213,94.0,48705654838801.0
VINTAGE HIGH SCHOOL,2023,Napa,0.5333713633770679,0.0048332572532979,0.6729445205244798,0.6777777777777778,90.0,28662662830016.0
WASHINGTON HIGH SCHOOL,2023,Alameda,0.2672190574831693,0.0997863851404465,0.7171150233102577,0.8169014084507042,213.0,1611760138693.0
WESTMONT HIGH SCHOOL,2023,Santa Clara,0.366456059735784,-0.0209207558369239,0.7014763113924796,0.6805555555555556,144.0,43694014338505.0
WESTMOOR HIGH SCHOOL,2023,San Mateo,0.315668202764977,-0.0741822315749517,0.6438024847395087,0.569620253164557,79.0,41689244137790.0
WILL C WOOD HIGH SCHOOL,2023,Solano,0.4215568862275449,-0.1133578019537225,0.6557306833096548,0.5423728813559322,59.0,48705734830089.0
WILLIAM C OVERFELT HIGH SCHOOL,2023,Santa Clara,0.469236471460341,0.1273429077032389,0.6453843650240337,0.7727272727272727,44.0,43694274335428.0
WILLOW GLEN HIGH SCHOOL,2023,Santa Clara,0.3460144927536231,0.0025756101428717,0.6640910565237949,0.6666666666666666,114.0,43696664338950.0
WINDSOR HIGH SCHOOL,2023,Sonoma,0.4641297567061759,-0.0166172102304225,0.6356648292780416,0.6190476190476191,63.0,49753584930228.0
WOODSIDE HIGH SCHOOL,2023,San Mateo,0.2479338842975206,-0.0774628430426589,0.7032297142083032,0.6257668711656442,163.0,41690624138053.0
YERBA BUENA HIGH SCHOOL,2023,Santa Clara,0.441415313225058,0.1221692070876779,0.6907804332000919,0.8129496402877698,139.0,43694274330015.0
YGNACIO VALLEY HIGH SCHOOL,2023,Contra Costa,0.8148464163822525,0.3067597973136328,0.65620316564933,0.9629629629629628,27.0,7617540737809.0
ABRAHAM LINCOLN HIGH SCHOOL,2024,San Francisco,0.498772704958272,-0.0554515582396691,0.7221182249063358,0.6666666666666666,249.0,38684783833241.0
ABRAHAM LINCOLN HIGH SCHOOL,2024,Santa Clara,0.5588972431077694,0.0366787125630361,0.6652443643600408,0.7019230769230769,104.0,43696664333795.0
ACALANES HIGH SCHOOL,2024,Contra Costa,0.0824,-0.1606592015999096,0.713106754047462,0.5524475524475524,143.0,7616300730283.0
ACE CHARTER HIGH SCHOOL,2024,Santa Clara,0.8944281524926686,0.1888938140731979,0.7341831090037253,0.9230769230769232,13.0,43694270125617.0
ADRIAN C WILCOX HIGH SCHOOL,2024,Santa Clara,0.2831858407079646,0.0889733862902818,0.6837538864369909,0.7727272727272727,176.0,43696744338802.0
ALAMEDA COMMUNITY LEARNING CTR,2024,Alameda,0.3676092544987147,-0.1193267901474932,0.6748823457030488,0.5555555555555556,18.0,1611190130609.0
ALAMEDA HIGH SCHOOL,2024,Alameda,0.3252818035426731,-0.0156290031956412,0.739206238967999,0.7235772357723578,246.0,1611190130229.0
ALAMEDA SCIENCE & TECHNICAL INST,2024,Alameda,0.4730538922155688,0.1714401528561796,0.6433746619586351,0.8148148148148148,27.0,1611190106401.0
ALBANY HIGH SCHOOL,2024,Alameda,0.3043867502238138,0.0562904660350754,0.7039434520935794,0.7602339181286549,171.0,1611270130450.0
ALHAMBRA HIGH SCHOOL,2024,Contra Costa,0.3,-0.0339593206212044,0.6411021777640615,0.6071428571428571,56.0,7617390730549.0
ALPHA CINDY AVITIA HIGH SCHOOL,2024,Santa Clara,0.8434579439252337,-0.135457657920982,0.7161028192113047,0.5806451612903226,31.0,43694270132274.0
ALTERNATIVES IN ACTION HIGH SCHOOL,2024,Alameda,0.9393939393939394,-0.1441893094503593,0.6441893094503593,0.5,12.0,1100170130625.0
AMADOR VALLEY HIGH SCHOOL,2024,Alameda,0.0765345765345765,0.0772701083742846,0.7446128432796594,0.821882951653944,393.0,1751010130583.0
AMERICAN CANYON HIGH SCHOOL,2024,Napa,0.5547703180212014,-0.0897441593997248,0.6814108260663915,0.5916666666666667,120.0,28662660121087.0
AMERICAN HIGH SCHOOL,2024,Alameda,0.1955933513722458,0.101615179030819,0.7059728968499397,0.8075880758807588,369.0,1611760130062.0
ANALY HIGH SCHOOL,2024,Sonoma,0.4248275862068965,-0.0641041397271823,0.693733769356812,0.6296296296296297,81.0,49706074930400.0
ANDREW P HILL HIGH SCHOOL,2024,Santa Clara,0.6012345679012345,0.1461849829601784,0.64227655550136,0.7884615384615384,52.0,43694274332995.0
ANGELO RODRIGUEZ HIGH SCHOOL,2024,Solano,0.3034583536288358,-0.1030170635918111,0.7085726191473667,0.6055555555555555,180.0,48705404830170.0
ANN SOBRATO HIGH SCHOOL,2024,Santa Clara,0.3178807947019867,0.086367537036841,0.6802991296298256,0.7666666666666667,120.0,43695830102368.0
ANTIOCH HIGH SCHOOL,2024,Contra Costa,0.857377948436643,0.1181968067580769,0.6253929368316666,0.7435897435897436,39.0,7616480730861.0
ARAGON HIGH SCHOOL,2024,San Mateo,0.1482799525504151,-0.0681435469047012,0.7334978776133627,0.6653543307086615,254.0,41690474130217.0
ARCHIE WILLIAMS HIGH SCHOOL,2024,Marin,0.1092294665537679,-0.0569409762641142,0.7091148893075925,0.6521739130434783,161.0,21654822131340.0
ARISE HIGH SCHOOL,2024,Alameda,0.7825,-0.2290607740746675,0.7517880468019402,0.5227272727272727,44.0,1612590115238.0
ARMIJO HIGH SCHOOL,2024,Solano,0.627172195892575,-0.0130664194842282,0.6435012020929239,0.6304347826086957,46.0,48705404830451.0
ARROYO HIGH SCHOOL,2024,Alameda,0.6861219195849546,0.0547572869169248,0.6933908612312233,0.7481481481481481,135.0,1613090130849.0
ASPIRE LIONEL WILSON COLG PREP,2024,Alameda,0.8596059113300493,0.1341411435958373,0.6436366341819405,0.7777777777777778,18.0,1612590130666.0
ASPIRE RICHMOND CA COLG PREP,2024,Contra Costa,0.7865546218487395,0.0042780912111561,0.7248885754555104,0.7291666666666666,48.0,7617960132100.0
BALBOA HIGH SCHOOL,2024,San Francisco,0.6107114308553158,-0.0122594601284092,0.7169574467055905,0.7046979865771812,149.0,38684783830288.0
BAY AREA TECHNOLOGY-BAYTECH,2024,Alameda,0.8025889967637541,0.1329444505115105,0.7132093956423357,0.8461538461538461,13.0,1612590106906.0
BENICIA HIGH SCHOOL,2024,Solano,0.2370106761565836,-0.0891521996743373,0.6784379139600516,0.5892857142857143,112.0,48705244831004.0
BERKELEY HIGH SCHOOL,2024,Alameda,0.2338509316770186,0.0819830300406183,0.7110537204429407,0.793036750483559,517.0,1611430131177.0
BRANHAM HIGH SCHOOL,2024,Santa Clara,0.3140664961636829,-0.0391922702603961,0.7328859639540899,0.6936936936936937,222.0,43694014330866.0
BUCKINGHAM COLLEGIATE CHARTER,2024,Solano,0.3080168776371308,0.031433436293344,0.6459859185453656,0.6774193548387096,31.0,48705734830113.0
BURLINGAME HIGH SCHOOL,2024,San Mateo,0.1162337662337662,-0.0214060093426775,0.7284767164133846,0.7070707070707071,198.0,41690474130472.0
CALIFORNIA HIGH SCHOOL,2024,Contra Costa,0.0846985012199372,0.0588285154704646,0.715283159656439,0.7741116751269036,394.0,7618040730051.0
CALISTOGA JUNIOR SENIOR HIGH SCHOOL,2024,Napa,0.8492063492063492,0.1222856429732395,0.6363350466819329,0.7586206896551724,29.0,28662412831758.0
CAMPOLINDO HIGH SCHOOL,2024,Contra Costa,0.0503003003003003,0.0336558098681084,0.718819437656644,0.7524752475247525,202.0,7616300731125.0
CAPUCHINO HIGH SCHOOL,2024,San Mateo,0.26985559566787,-0.0269955758445772,0.6901534705814193,0.6631578947368421,95.0,41690474130738.0
CARLMONT HIGH SCHOOL,2024,San Mateo,0.0881355932203389,0.0293125502140177,0.7363550247178623,0.7656675749318801,367.0,41690624130993.0
CASA GRANDE HIGH SCHOOL,2024,Sonoma,0.4500306560392397,0.0025293504349236,0.6711548600913921,0.6736842105263158,95.0,49708624930012.0
CASTLEMONT HIGH SCHOOL,2024,Alameda,0.9928366762177652,0.2542584188320159,0.6404784232732472,0.8947368421052632,19.0,1612590125161.0
CASTRO VALLEY HIGH SCHOOL,2024,Alameda,0.3954961294862772,0.0980792404915787,0.5747036341261582,0.672782874617737,327.0,1611500132225.0
CHRISTOPHER HIGH SCHOOL,2024,Santa Clara,0.3809238152369526,0.0227767189328161,0.6679449305517199,0.6907216494845361,97.0,43694840118380.0
CIRCLE OF INDEPENDENT LEARNING,2024,Alameda,0.4303482587064676,0.3145090352704706,0.5188242980628628,0.8333333333333334,6.0,1611760130534.0
CITY ARTS AND LEADERSHIP ACADEMY,2024,San Francisco,0.7027027027027027,-0.0195518677710713,0.7383018677710713,0.71875,32.0,38684780107300.0
CLAYTON VALLEY CHARTER HIGH SCHOOL,2024,Contra Costa,0.2317991631799163,-0.1979191750987208,0.7807763179558637,0.5828571428571429,175.0,7100740731380.0
CLOVERDALE HIGH SCHOOL,2024,Sonoma,0.5116279069767442,0.14297989192183,0.5570201080781699,0.7,10.0,49706564930855.0
COLISEUM COLLEGE PREP ACADEMY,2024,Alameda,0.982051282051282,0.2298758644025834,0.709518074991356,0.9393939393939394,33.0,1612590112797.0
COLLEGE PARK HIGH SCHOOL,2024,Contra Costa,0.2023034551827741,-0.0143404733622022,0.6650254048690516,0.6506849315068494,146.0,7617540731646.0
CONCORD HIGH SCHOOL,2024,Contra Costa,0.4230769230769231,0.0714739506551139,0.6035260493448861,0.675,40.0,7617540731836.0
CUPERTINO HIGH SCHOOL,2024,Santa Clara,0.0811706239646604,0.1121517165591547,0.744581807796146,0.8567335243553008,349.0,43694684331799.0
DE ANZA HIGH SCHOOL,2024,Contra Costa,0.7398005439709883,0.0009643381081078,0.6795912174474478,0.6805555555555556,72.0,7617960732164.0
DEER VALLEY HIGH SCHOOL,2024,Contra Costa,0.7583148558758315,0.0385701440045078,0.6333048559954921,0.671875,64.0,7616480730465.0
DEL MAR HIGH SCHOOL,2024,Santa Clara,0.6389312977099236,0.0663909520886348,0.6931027187974411,0.759493670886076,79.0,43694014331955.0
DESIGN TECH HIGH SCHOOL,2024,San Mateo,0.0819366852886405,0.0197106615883677,0.7064798146021084,0.7261904761904762,84.0,41690470129759.0
DIXON HIGH SCHOOL,2024,Solano,0.607707509881423,-0.0664083333284623,0.6433314102515392,0.5769230769230769,52.0,48705324832259.0
DOUGHERTY VALLEY HIGH SCHOOL,2024,Contra Costa,0.0846696600384862,0.1058924326939056,0.7370313620183805,0.8429237947122862,643.0,7618040113118.0
DOZIER-LIBBEY MEDICAL HIGH SCH,2024,Contra Costa,0.7675753228120517,0.1623345247269755,0.631783122331848,0.7941176470588235,34.0,7616480117218.0
DR TJ OWENS GILROY EARLY COLG,2024,Santa Clara,0.4206896551724138,0.1286115121396865,0.6877150184725583,0.8163265306122449,49.0,43694840114496.0
DUBLIN HIGH SCHOOL,2024,Alameda,0.086228287841191,0.0527603885110776,0.759849068581742,0.8126094570928196,571.0,1750930132704.0
EAST BAY INNOVATION ACADEMY,2024,Alameda,0.3605577689243028,0.1758015213394537,0.6575318119938797,0.8333333333333334,18.0,1612590129932.0
EAST PALO ALTO ACADEMY,2024,San Mateo,0.735191637630662,0.0099485642101331,0.6300514357898669,0.64,25.0,41690620126722.0
EL CAMINO HIGH,2024,San Mateo,0.244485294117647,-0.0311660566189222,0.7008908272611241,0.6697247706422018,109.0,41690704132551.0
EL CERRITO HIGH SCHOOL,2024,Contra Costa,0.3956639566395664,0.079886820000527,0.6928404527267457,0.7727272727272727,154.0,7617960732941.0
ELSIE ALLEN HIGH SCHOOL,2024,Sonoma,0.5826530612244898,-0.1044082337428697,0.5749964690369873,0.4705882352941176,17.0,49709204930160.0
EMERY SECONDARY SCHOOL,2024,Alameda,0.4709677419354838,0.0275699898692315,0.5835411212418796,0.6111111111111112,18.0,1611680132746.0
ENVISION ACAD ARTS/TECHNOLOGY,2024,Alameda,0.726457399103139,0.1989659995082624,0.7177006671584042,0.9166666666666666,12.0,1100170112607.0
EVERGREEN VALLEY HIGH SCHOOL,2024,Santa Clara,0.2008002910149145,0.0106371637419405,0.7473537038379681,0.7579908675799086,438.0,43694274330692.0
FAIRFIELD HIGH SCHOOL,2024,Solano,0.6262820512820513,0.1290062145744163,0.6145835290153273,0.7435897435897436,39.0,48705404833000.0
FOOTHILL HIGH SCHOOL,2024,Alameda,0.0869565217391304,0.0628392143559365,0.7434107856440635,0.80625,320.0,1751010130096.0
FREEDOM HIGH SCHOOL,2024,Contra Costa,0.288135593220339,-0.0139235206710479,0.668244508325369,0.654320987654321,81.0,7617210730457.0
FREMONT HIGH SCHOOL,2024,Alameda,0.9940978077571668,0.1438563012720133,0.7061436987279867,0.85,60.0,1612590125716.0
FREMONT HIGH SCHOOL,2024,Santa Clara,0.2392807745504841,-0.013813386125755,0.7212369669117812,0.7074235807860262,229.0,43694684332474.0
GALILEO ACAD OF SCIENCE & TECH,2024,San Francisco,0.581849511774842,0.0134416654632611,0.7365583345367388,0.75,216.0,38684783831765.0
GATEWAY HIGH SCHOOL,2024,San Francisco,0.3957894736842105,0.0961193656816356,0.7346498650875952,0.8307692307692308,65.0,38684783830437.0
GEORGE WASHINGTON HIGH SCHOOL,2024,San Francisco,0.4950199203187251,-0.0160347155804247,0.7439499099267145,0.7279151943462897,283.0,38684783839081.0
GILROY HIGH SCHOOL,2024,Santa Clara,0.5396634615384616,-0.0624751109522574,0.6582197918033212,0.5957446808510638,47.0,43694844332839.0
GRANADA HIGH SCHOOL,2024,Alameda,0.1705461056401074,-0.0575210077846646,0.7115750618387187,0.654054054054054,185.0,1612000133397.0
GRIFFIN ACADEMY HIGH SCHOOL,2024,Solano,0.601123595505618,0.028133248432195,0.471866751567805,0.5,10.0,48705810139816.0
HALF MOON BAY HIGH SCHOOL,2024,San Mateo,0.3596757852077001,0.0787642717583332,0.6249394319453705,0.7037037037037037,81.0,41688904132817.0
HAYWARD HIGH SCHOOL,2024,Alameda,0.7078584283143371,0.0525265575971629,0.6890464761107022,0.7415730337078652,89.0,1611920133629.0
HAYWARD TWIN OAKS MONTESSORI,2024,Alameda,0.5964343598055105,-0.0038014367409647,0.6288014367409648,0.625,16.0,1611920127944.0
HEALDSBURG HIGH SCHOOL,2024,Sonoma,0.5782608695652174,-0.0210022109754688,0.6339054367819205,0.6129032258064516,31.0,49753904932554.0
HENRY M GUNN SENIOR HIGH SCHL,2024,Santa Clara,0.0951546993578517,-0.0480199698331581,0.7662520140320532,0.7182320441988951,362.0,43696414332904.0
HENRY T GUNDERSON HIGH SCHOOL,2024,Santa Clara,0.5755743651753326,0.078939026727407,0.623188632847061,0.7021276595744681,47.0,43696664330080.0
HERCULES HIGH SCHOOL,2024,Contra Costa,0.4351351351351351,0.0976942645001246,0.6750330082271481,0.7727272727272727,66.0,7617960730598.0
HERITAGE HIGH SCHOOL,2024,Contra Costa,0.1745550927678909,-0.0427943045175942,0.7130070704750411,0.6702127659574468,188.0,7617210107797.0
HILLSDALE HIGH SCHOOL,2024,San Mateo,0.1865907653383934,-0.0179367099837751,0.711578328480885,0.6936416184971098,173.0,41690474133070.0
HOMESTEAD HIGH SCHOOL,2024,Santa Clara,0.1290893015030946,0.0167139275674181,0.7374297188414216,0.7541436464088398,362.0,43694684333316.0
IMPACT ACAD ARTS/TECHNOLOGY,2024,Alameda,0.5973684210526315,-0.0143890565341769,0.734389056534177,0.72,50.0,1611920137646.0
INDEPENDENCE HIGH SCHOOL,2024,San Francisco,0.4974619289340101,0.2680897775562676,0.5890530795865895,0.8571428571428571,14.0,38684783830197.0
INDEPENDENCE HIGH SCHOOL,2024,Santa Clara,0.4058277027027027,0.0037472745172758,0.7017321775375187,0.7054794520547946,146.0,43694274330031.0
INVICTUS ACADEMY OF RICHMOND,2024,Contra Costa,0.7506426735218509,-0.2266618824651397,0.7266618824651397,0.5,22.0,7100740137026.0
IRVINGTON HIGH SCHOOL,2024,Alameda,0.1938917167977788,0.0803231274111305,0.7662241871668746,0.8465473145780051,391.0,1611760134270.0
JAMES LICK HIGH SCHOOL,2024,Santa Clara,0.6093394077448747,0.0417673449605493,0.5832326550394507,0.625,16.0,43694274333639.0
JAMES LOGAN HIGH SCHOOL,2024,Alameda,0.488416375753729,-0.02559334072585,0.7133570538060189,0.6877637130801688,237.0,1612420134668.0
JEFFERSON HIGH SCHOOL,2024,San Mateo,0.3968253968253968,0.0101205888711385,0.6837569621492696,0.6938775510204082,49.0,41689244133393.0
JESSE M BETHEL HIGH SCHOOL,2024,Solano,0.7890353920888272,0.169871185989759,0.6483106321920592,0.8181818181818182,33.0,48705814830147.0
JOHN F KENNEDY HIGH SCHOOL,2024,Alameda,0.4571877454831107,0.1352639755654241,0.6728168325153839,0.8080808080808081,99.0,1611760134452.0
JOHN F KENNEDY HIGH SCHOOL,2024,Contra Costa,0.7406060606060606,0.233264985684788,0.6054446917345668,0.8387096774193549,31.0,7617960733659.0
JOHN HENRY HIGH SCHOOL,2024,Contra Costa,0.7543859649122807,-0.0214248969017173,0.7297582302350507,0.7083333333333334,24.0,7773540132233.0
JOHN O'CONNELL HIGH SCHOOL,2024,San Francisco,0.6749482401656315,-0.026660490480183,0.6338033476230401,0.6071428571428571,28.0,38684783834769.0
JOHN SWETT HIGH SCHOOL,2024,Contra Costa,0.7066666666666667,0.0305905802983388,0.6215833327451394,0.6521739130434783,23.0,7616970737023.0
JUNE JORDAN SCHOOL FOR EQUITY,2024,San Francisco,0.6262135922330098,0.3988176244372414,0.6011823755627586,1.0,6.0,38684780102103.0
KIPP ESPERANZA HIGH SCHOOL,2024,San Mateo,0.8921161825726142,0.1680829464895021,0.7449605317713675,0.9130434782608696,23.0,41690620139915.0
KIPP KING COLLEGIATE HIGH SCH,2024,Alameda,0.7391304347826086,0.0927314397854749,0.7629386633073085,0.8556701030927835,97.0,1613090114421.0
KIPP SAN FRANCISCO COLG PREP,2024,San Francisco,0.8730769230769231,0.1935988082733374,0.7551191404446114,0.9487179487179488,39.0,38684780127530.0
KIPP SAN JOSE COLLEGIATE,2024,Santa Clara,0.720558882235529,0.0808522526357865,0.7578574247835683,0.8387096774193549,93.0,43694270116889.0
LAS LOMAS HIGH SCHOOL,2024,Contra Costa,0.1409438775510204,-0.0504202751392244,0.7188985360087896,0.6684782608695652,184.0,7616300733725.0
LATINO COLLEGE PREP ACADEMY,2024,Santa Clara,0.7780487804878049,0.0926651810512815,0.6441769242118763,0.7368421052631579,38.0,43694274330668.0
LEADERSHIP PUBLIC SCH HAYWARD,2024,Alameda,0.5439856373429084,-0.0094493461578971,0.7438243461578972,0.734375,64.0,1611920108670.0
LEADERSHIP PUBLIC SCH RICHMOND,2024,Contra Costa,0.6133333333333333,0.0041198755862122,0.7064064402032614,0.7105263157894737,38.0,7617960101477.0
LEIGH HIGH SCHOOL,2024,Santa Clara,0.1877753303964757,0.0074805264301011,0.7298932109436362,0.7373737373737373,198.0,43694014330239.0
LELAND HIGH SCHOOL,2024,Santa Clara,0.1026991441737985,0.0083317304692723,0.7244617917979341,0.7327935222672065,247.0,43696664333522.0
LIBERTY HIGH SCHOOL,2024,Contra Costa,0.2188965019834114,-0.0951736123793183,0.6969435238837431,0.6017699115044248,113.0,7617210733980.0
LIFE ACADEMY HIGH SCHOOL,2024,Alameda,0.9773242630385488,0.1100114203883179,0.7399885796116821,0.85,20.0,1612590130575.0
LIGHTHOUSE COMMUNITY CHAR HS,2024,Alameda,0.933774834437086,0.1060309596204654,0.7326787177988894,0.8387096774193549,31.0,1612590108944.0
LIVE OAK HIGH SCHOOL,2024,Santa Clara,0.4185418541854185,0.0336585124385481,0.6398108753165539,0.673469387755102,49.0,43695834333951.0
LIVERMORE HIGH SCHOOL,2024,Alameda,0.2634498058790904,0.1112550885824259,0.6496144766349654,0.7608695652173914,92.0,1612000134536.0
LOS ALTOS HIGH SCHOOL,2024,Santa Clara,0.1542100283822138,0.0605997151464624,0.7387830009029203,0.7993827160493827,324.0,43696094334116.0
LOS GATOS HIGH SCHOOL,2024,Santa Clara,0.114820435002529,-0.0830762903882674,0.7387539460659232,0.6556776556776557,273.0,43695344334371.0
LOWELL HIGH SCHOOL,2024,San Francisco,0.3874015748031496,0.0299658503405688,0.7931253973316844,0.8230912476722533,537.0,38684783833407.0
LUIS VALDEZ LEADERSHIP ACADEMY,2024,Santa Clara,0.7435897435897436,0.3520173162352749,0.6479826837647251,1.0,14.0,43694270130856.0
LYNBROOK HIGH SCHOOL,2024,Santa Clara,0.055813953488372,0.0917799272521516,0.7464950053624035,0.8382749326145552,371.0,43694684334421.0
MADISON PARK ACADEMY,2024,Alameda,0.9954819277108434,0.1327032696381048,0.6854785485437134,0.8181818181818182,22.0,1612596066450.0
MAKING WAVES ACADEMY,2024,Contra Costa,0.7824116047144152,0.1786054536419336,0.7444714694349897,0.9230769230769232,39.0,7100740114470.0
MARE ISLAND TECHNOLOGY ACADEMY,2024,Solano,0.6450939457202505,-0.1818275436918464,0.652415778985964,0.4705882352941176,17.0,48705814830196.0
MARIA CARRILLO HIGH SCHOOL,2024,Sonoma,0.2353312302839116,-0.120042990755022,0.6914715621835934,0.5714285714285714,112.0,49709204930244.0
MCCLYMONDS HIGH SCHOOL,2024,Alameda,0.9471698113207548,0.0427948838194137,0.6772051161805862,0.72,25.0,1612590110189.0
MENLO ATHERTON HIGH SCHOOL,2024,San Mateo,0.3345724907063197,0.0031978173797021,0.7104585702854961,0.7136563876651982,227.0,41690624133716.0
METWEST HIGH SCHOOL,2024,Alameda,0.9367088607594936,0.1948661973288586,0.6940226915600302,0.8888888888888888,27.0,1612590100701.0
MIDDLE COLLEGE HIGH SCHOOL,2024,Contra Costa,0.6395759717314488,0.0853855321646539,0.7105328351822848,0.7959183673469388,49.0,7617960730291.0
MILLENNIUM HIGH SCHOOL,2024,Alameda,0.1864406779661017,0.2149495696980623,0.5850504303019377,0.8,5.0,1612750130286.0
MILLS HIGH SCHOOL,2024,San Mateo,0.1706881143878462,-0.0090125404255656,0.7036233188686795,0.6946107784431138,167.0,41690474134557.0
MILPITAS HIGH SCHOOL,2024,Santa Clara,0.456916474083856,0.0265923902437235,0.7354472698129337,0.7620396600566572,353.0,43733874334470.0
MILPITAS MIDDLE COLLEGE HS,2024,Santa Clara,0.4615384615384615,-0.0227615290395464,0.6338726401506576,0.6111111111111112,18.0,43733870140673.0
MIRAMONTE HIGH SCHOOL,2024,Contra Costa,0.042087542087542,-0.1162778366785062,0.7196297919857688,0.6033519553072626,179.0,7616300734244.0
MISSION EARLY COLLEGE HIGH SCH,2024,Santa Clara,0.2592592592592592,0.1794273547138277,0.6605726452861722,0.84,25.0,43696740135970.0
MISSION SAN JOSE HIGH SCHOOL,2024,Alameda,0.1130625686059275,0.0956374075520272,0.7683244062904548,0.863961813842482,419.0,1611760135244.0
MISSION SENIOR HIGH SCHOOL,2024,San Francisco,0.5885608856088561,0.2699911865682722,0.6828390021109729,0.9528301886792452,106.0,38684783834082.0
MONTA VISTA HIGH SCHOOL,2024,Santa Clara,0.0531784841075794,0.0998764082055323,0.7456046413571499,0.8454810495626822,343.0,43694684334462.0
MONTE VISTA HIGH SCHOOL,2024,Contra Costa,0.0419741697416974,-0.0168250194032502,0.6915970558774144,0.6747720364741642,329.0,7618040734368.0
MONTGOMERY HIGH SCHOOL,2024,Sonoma,0.4361479413817167,-0.1608641434678798,0.6441974768012131,0.4833333333333333,60.0,49709204934154.0
MOUNT DIABLO HIGH SCHOOL,2024,Contra Costa,0.6194989844278944,0.0425662162114631,0.6318523884396996,0.6744186046511628,43.0,7617540734566.0
MOUNT EDEN HIGH SCHOOL,2024,Alameda,0.7991543340380549,0.0220423334501751,0.6832208244445617,0.7052631578947368,95.0,1611920135319.0
MOUNT PLEASANT HIGH SCHOOL,2024,Santa Clara,0.545536519386835,0.2262055471942167,0.6358634183230246,0.8620689655172413,29.0,43694274334900.0
MOUNTAIN VIEW HIGH SCHOOL,2024,Santa Clara,0.1307901907356948,0.0071314248480816,0.7353835452117986,0.7425149700598802,334.0,43696094334728.0
NAPA HIGH SCHOOL,2024,Napa,0.7370517928286853,0.0359515315295573,0.6667511711731454,0.7027027027027027,74.0,28662662835601.0
NEW TECHNOLOGY HIGH SCHOOL,2024,Napa,0.6758241758241759,0.08371987809951,0.6162801219004899,0.7,20.0,28662662830115.0
NEWARK MEMORIAL HIGH SCHOOL,2024,Alameda,0.4449182658137882,0.0945453026331563,0.6362239281360744,0.7307692307692307,104.0,1612340130054.0
NORTHGATE HIGH SCHOOL,2024,Contra Costa,0.1003257328990228,-0.0362967837290522,0.7047459815900148,0.6684491978609626,187.0,7617540730044.0
NOVATO HIGH SCHOOL,2024,Marin,0.3725771715721464,-0.005125580483058,0.6865415096865978,0.6814159292035398,113.0,21654172132272.0
OAK GROVE HIGH SCHOOL,2024,Santa Clara,0.4735356386732534,-0.030655910895516,0.6538443166926174,0.6231884057971014,69.0,43694274335204.0
OAKLAND CHARTER HIGH SCHOOL,2024,Alameda,0.5626740947075209,0.0965716747262388,0.726957737038467,0.8235294117647058,51.0,1612590114868.0
OAKLAND HIGH SCHOOL,2024,Alameda,0.9121311475409836,-0.0036576211917623,0.7100796395403862,0.7064220183486238,109.0,1612590135905.0
OAKLAND INTERNATIONAL HIGH SCH,2024,Alameda,1.0,0.1456548835807148,0.7043451164192851,0.85,20.0,1612590115667.0
OAKLAND MILITARY INST COL PREP,2024,Alameda,0.88996138996139,0.0381991610081626,0.665504542695541,0.7037037037037037,27.0,1612590130617.0
OAKLAND SCHOOL FOR THE ARTS,2024,Alameda,0.2371794871794871,0.0741570241194984,0.6639382139757397,0.7380952380952381,42.0,1612593030772.0
OAKLAND TECHNICAL HIGH SCHOOL,2024,Alameda,0.6839492553778268,0.0134501883996656,0.7540936712494573,0.7675438596491229,228.0,1612590136051.0
OAKLAND UNITY HIGH SCHOOL,2024,Alameda,0.9769736842105264,0.1429599572420221,0.7498971856151208,0.8928571428571429,28.0,1612590100065.0
OCEANA HIGH SCHOOL,2024,San Mateo,0.185336048879837,0.0780942857002469,0.666091760811381,0.7441860465116279,43.0,41689244135075.0
OXFORD DAY ACADEMY,2024,San Mateo,0.580952380952381,0.0573558497434898,0.4426441502565101,0.5,6.0,41104130135269.0
PALO ALTO SENIOR HIGH SCHOOL,2024,Santa Clara,0.1076604554865424,-0.0561220426932594,0.7590632191638477,0.7029411764705882,340.0,43696414335782.0
PESCADERO HIGH SCHOOL,2024,San Mateo,0.3734939759036144,0.1076333335741551,0.5590333330925115,0.6666666666666666,6.0,41689404135331.0
PETALUMA HIGH SCHOOL,2024,Sonoma,0.4102154828411811,0.0763511041939714,0.6762262153936575,0.7525773195876289,97.0,49708624935151.0
PHILLIP & SALA BURTON ACAD HS,2024,San Francisco,0.6149369544131911,0.0505953665615417,0.6880409970748219,0.7386363636363636,88.0,38684783830254.0
PIEDMONT HIGH SCHOOL,2024,Alameda,0.0342465753424657,-0.0711216337632321,0.7276101833815527,0.6564885496183206,131.0,1612750136515.0
PIEDMONT HILLS HIGH SCHOOL,2024,Santa Clara,0.2390745501285347,-0.043869707985185,0.701173078771702,0.6573033707865169,178.0,43694274335907.0
PINER HIGH SCHOOL,2024,Sonoma,0.569364161849711,0.0494663790204864,0.6067836209795135,0.65625,32.0,49709204935292.0
PINOLE VALLEY HIGH SCHOOL,2024,Contra Costa,0.5247678018575851,0.0993431371422761,0.6506568628577238,0.75,76.0,7617960735316.0
PIONEER HIGH SCHOOL,2024,Santa Clara,0.2906739278420694,0.0153463395870622,0.6646536604129378,0.68,125.0,43696664335949.0
PITTSBURG HIGH SCHOOL,2024,Contra Costa,0.7616081540203851,-0.0123008276794115,0.6927742004604767,0.6804733727810651,169.0,7617880735407.0
PROSPECT HIGH SCHOOL,2024,Santa Clara,0.4832439678284182,-0.0106794039812705,0.6952947885966552,0.6846153846153846,130.0,43694014336137.0
PUBLIC SAFETY ACADEMY,2024,Solano,0.4912043301759134,0.1265594784705018,0.6426712907602674,0.7692307692307693,13.0,48705400125310.0
RANCHO COTATE HIGH SCHOOL,2024,Sonoma,0.3924731182795699,0.1722656141407736,0.6416878742313193,0.813953488372093,43.0,49738824935482.0
RAOUL WALLENBERG TRADITIONAL,2024,San Francisco,0.4519056261343013,0.0430659008097874,0.6733520096379737,0.7164179104477612,67.0,38684783830205.0
REDWOOD HIGH SCHOOL,2024,Marin,0.0913165266106442,-0.155709286074578,0.7364652998202825,0.5807560137457045,291.0,21654822132587.0
RICHMOND HIGH SCHOOL,2024,Contra Costa,0.8068605518269948,0.1284717158624622,0.6594070720163256,0.7878787878787878,66.0,7617960735902.0
RIO VISTA HIGH SCHOOL,2024,Solano,0.7257142857142858,0.3125511724081676,0.6419942821372869,0.9545454545454546,22.0,34674134835302.0
ROBERTO CRUZ LEADERSHIP ACDMY,2024,Santa Clara,0.8305785123966942,0.1967680255329656,0.6214137926488525,0.8181818181818182,11.0,43694270131995.0
ROBERTSON HIGH SCH VISTA ALTERNATVE,2024,Alameda,0.3902439024390244,0.2489867895762171,0.5510132104237829,0.8,5.0,1611760130435.0
RUTH ASAWA SCHOOL OF THE ARTS,2024,San Francisco,0.1823529411764705,-0.0302650859585035,0.6969317526251702,0.6666666666666666,108.0,38684783830387.0
SAINT HELENA HIGH SCHOOL,2024,Napa,0.3182897862232779,0.1597497193922447,0.6094810498385246,0.7692307692307693,26.0,28662902837102.0
SAN JOSE HIGH SCHOOL,2024,Santa Clara,0.7265711135611908,0.2152922571433678,0.5684915266404159,0.7837837837837838,37.0,43696664337200.0
SAN LEANDRO HIGH SCHOOL,2024,Alameda,0.6897106109324759,0.0199169182663963,0.685285393872332,0.7052023121387283,173.0,1612910137588.0
SAN LORENZO HIGH SCHOOL,2024,Alameda,0.8547535211267606,0.0450369940085001,0.6595084605369544,0.7045454545454546,44.0,1613090137810.0
SAN MARIN HIGH SCHOOL,2024,Marin,0.236087689713322,-0.0293942663199945,0.692437744580864,0.6630434782608695,92.0,21654172133056.0
SAN MATEO HIGH SCHOOL,2024,San Mateo,0.2820025348542458,0.0373859702066265,0.6933832605626041,0.7307692307692307,182.0,41690474136370.0
SAN RAFAEL HIGH SCHOOL,2024,Marin,0.7027649769585254,0.0834264639815024,0.6943513137962753,0.7777777777777778,90.0,21654662133262.0
SAN RAMON VALLEY HIGH SCHOOL,2024,Contra Costa,0.0548418972332015,-0.1102168486255705,0.7102168486255706,0.6,225.0,7618040736504.0
SANTA CLARA HIGH SCHOOL,2024,Santa Clara,0.2627020785219399,0.0533426246689067,0.6786835191219429,0.7320261437908496,153.0,43696744330122.0
SANTA ROSA HIGH SCHOOL,2024,Sonoma,0.3771393643031784,0.0295222790677441,0.6435546440091789,0.6730769230769231,52.0,49709204936803.0
SANTA TERESA HIGH SCHOOL,2024,Santa Clara,0.2219165520403484,0.0109939665476015,0.6980969425433076,0.7090909090909091,165.0,43694274330023.0
SARATOGA HIGH SCHOOL,2024,Santa Clara,0.0617696160267111,0.0616827476425823,0.727790936567944,0.7894736842105263,228.0,43695344337762.0
SEQUOIA HIGH SCHOOL,2024,San Mateo,0.3431424067262217,0.0647792562347724,0.7044515129959968,0.7692307692307693,182.0,41690624136693.0
SILVER CREEK HIGH SCHOOL,2024,Santa Clara,0.3855311355311355,-0.0586964238493675,0.7031408682938121,0.6444444444444445,180.0,43694274337903.0
SKYLINE HIGH SCHOOL,2024,Alameda,0.7646648044692738,0.0731048452521583,0.7322642822646201,0.8053691275167785,149.0,1612590137943.0
SONOMA VALLEY HIGH SCHOOL,2024,Sonoma,0.4977777777777777,-0.082518920869703,0.6539474922982744,0.5714285714285714,70.0,49709534937256.0
SOUTH SAN FRANCISCO HS,2024,San Mateo,0.4203574203574203,-0.1248668585366626,0.6573343910041951,0.5324675324675324,77.0,41690704137279.0
SUMMIT PREPARATORY CHARTER HIG,2024,San Mateo,0.5514511873350924,0.0600718202299326,0.7358465471170061,0.7959183673469388,49.0,41690620112722.0
SUMMIT PUBLIC SCHOOL K2,2024,Contra Costa,0.7527075812274369,-0.073724747584567,0.7403914142512337,0.6666666666666666,42.0,7100740129684.0
SUMMIT PUBLIC SCHOOL-TAHOMA,2024,Santa Clara,0.2669789227166276,0.0870628780317032,0.716215810492887,0.8032786885245902,61.0,43104390123794.0
SUMMIT PUBLIC SCHOOLS SHASTA,2024,San Mateo,0.3273942093541203,-0.0727464633007634,0.7168142599109328,0.6440677966101694,59.0,41689240127548.0
TAMALPAIS HIGH SCHOOL,2024,Marin,0.1133419689119171,-0.1209514062861797,0.7245550098897834,0.6036036036036037,222.0,21654822133692.0
TAMISCAL HIGH SCHOOL,2024,Marin,0.1791044776119403,0.0696890447344066,0.6445966695513077,0.7142857142857143,35.0,21654822130078.0
TECHNOLOGY HIGH SCHOOL,2024,Sonoma,0.2041420118343195,0.0128539507349122,0.6841157462347848,0.696969696969697,33.0,49738824930384.0
TENNYSON HIGH SCHOOL,2024,Alameda,0.8459563543003851,0.1228245607695672,0.6628897249447184,0.7857142857142857,28.0,1611920138339.0
TERRA LINDA HIGH SCHOOL,2024,Marin,0.5012448132780083,0.0413713679804417,0.6977590668021669,0.7391304347826086,115.0,21654662134005.0
TERRA NOVA HIGH SCHOOL,2024,San Mateo,0.1793400286944046,0.1846691886625839,0.6311202850216265,0.8157894736842105,38.0,41689244137535.0
THURGOOD MARSHALL ACADEMIC HS,2024,San Francisco,0.8238993710691824,0.2296847361754487,0.6036485971578847,0.8333333333333334,12.0,38684783830403.0
TOMALES HIGH SCHOOL,2024,Marin,0.5454545454545454,0.2388999366259249,0.5388778411518529,0.7777777777777778,9.0,21733612134310.0
UNIVERSITY PREP ACADEMY,2024,Santa Clara,0.305750350631136,0.1014644032014809,0.7252022634651857,0.8266666666666667,75.0,43104390113431.0
VACAVILLE HIGH SCHOOL,2024,Solano,0.4005920078934386,0.0161683822751379,0.702581617724862,0.71875,96.0,48705734837803.0
VALLEJO HIGH SCHOOL,2024,Solano,0.8524727577535625,-0.0058040861206466,0.6354337157502763,0.6296296296296297,27.0,48705814838504.0
VANDEN HIGH SCHOOL,2024,Solano,0.4076590487955528,-0.0410221342547332,0.6675281583511188,0.6265060240963856,83.0,48705654838801.0
VINTAGE HIGH SCHOOL,2024,Napa,0.544392523364486,-0.0099684241003737,0.6766350907670404,0.6666666666666666,105.0,28662662830016.0
WASHINGTON HIGH SCHOOL,2024,Alameda,0.3051025775907417,0.1252507032237008,0.7063282441447203,0.8315789473684211,190.0,1611760138693.0
WESTMONT HIGH SCHOOL,2024,Santa Clara,0.3962920046349942,-0.0918867319538128,0.7109343510014319,0.6190476190476191,147.0,43694014338505.0
WESTMOOR HIGH SCHOOL,2024,San Mateo,0.3606687898089172,-0.0335043749958339,0.6571602889743285,0.6236559139784946,93.0,41689244137790.0
WILL C WOOD HIGH SCHOOL,2024,Solano,0.3503866745984533,0.0067611213302724,0.6547773402081891,0.6615384615384615,65.0,48705734830089.0
WILLIAM C OVERFELT HIGH SCHOOL,2024,Santa Clara,0.5479151426481346,0.0640258027043383,0.6408922300825469,0.7049180327868853,61.0,43694274335428.0
WILLOW GLEN HIGH SCHOOL,2024,Santa Clara,0.3936708860759493,-0.0083637668401902,0.6695207916335787,0.6611570247933884,121.0,43696664338950.0
WINDSOR HIGH SCHOOL,2024,Sonoma,0.4413919413919414,-0.0865207855020941,0.6442130931944019,0.5576923076923077,52.0,49753584930228.0
WOODSIDE HIGH SCHOOL,2024,San Mateo,0.2812879708383961,0.0296640935002492,0.7120941482579926,0.7417582417582418,182.0,41690624138053.0
YERBA BUENA HIGH SCHOOL,2024,Santa Clara,0.5484268969771746,0.1019274323200323,0.6702244664141449,0.7721518987341772,79.0,43694274330015.0
YGNACIO VALLEY HIGH SCHOOL,2024,Contra Costa,0.8613861386138614,0.0166061215916227,0.6278383228528217,0.6444444444444445,45.0,7617540737809.0
ABRAHAM LINCOLN HIGH SCHOOL,2025,San Francisco,0.5453230472516876,0.0516359506536837,0.7215982500898107,0.7732342007434945,269.0,38684783833241.0
ABRAHAM LINCOLN HIGH SCHOOL,2025,Santa Clara,0.5616352201257861,0.125067620178748,0.6656300542398566,0.7906976744186046,86.0,43696664333795.0
ACALANES HIGH SCHOOL,2025,Contra Costa,0.0732484076433121,0.0230806401310538,0.7147242379177267,0.7378048780487805,164.0,7616300730283.0
ACE CHARTER HIGH SCHOOL,2025,Santa Clara,0.8977635782747604,-0.024620538911245,0.7389062531969594,0.7142857142857143,21.0,43694270125617.0
ADRIAN C WILCOX HIGH SCHOOL,2025,Santa Clara,0.2602230483271375,0.1380783954950512,0.6757147079532246,0.8137931034482758,145.0,43696744338802.0
ALAMEDA COMMUNITY LEARNING CTR,2025,Alameda,0.4060773480662983,0.018920098613497,0.6477465680531695,0.6666666666666666,12.0,1611190130609.0
ALAMEDA HIGH SCHOOL,2025,Alameda,0.30406852248394,0.1240591228430413,0.732498254206139,0.8565573770491803,244.0,1611190130229.0
ALAMEDA SCIENCE & TECHNICAL INST,2025,Alameda,0.4549763033175355,0.1582575658961349,0.6678293906256042,0.8260869565217391,46.0,1611190106401.0
ALBANY HIGH SCHOOL,2025,Alameda,0.3101604278074866,0.0999595831881163,0.7131717299431968,0.8131313131313131,198.0,1611270130450.0
ALHAMBRA HIGH SCHOOL,2025,Contra Costa,0.3073929961089494,0.190409596120802,0.6388586965621248,0.8292682926829268,41.0,7617390730549.0
ALPHA CINDY AVITIA HIGH SCHOOL,2025,Santa Clara,0.7283950617283951,0.0837288519587251,0.742358104563014,0.8260869565217391,23.0,43694270132274.0
ALTERNATIVES IN ACTION HIGH SCHOOL,2025,Alameda,0.8962264150943396,0.0107492573266568,0.6559174093400097,0.6666666666666666,12.0,1100170130625.0
AMADOR VALLEY HIGH SCHOOL,2025,Alameda,0.0824622531939605,0.0841354190370572,0.747098837889895,0.8312342569269522,397.0,1751010130583.0
AMERICAN CANYON HIGH SCHOOL,2025,Napa,0.5627906976744186,0.0197075841212873,0.6855555737734494,0.7052631578947368,95.0,28662660121087.0
AMERICAN HIGH SCHOOL,2025,Alameda,0.2494270435446906,0.1714626817608997,0.7405177583368998,0.9119804400977995,409.0,1611760130062.0
ANALY HIGH SCHOOL,2025,Sonoma,0.4093686354378819,-0.0256889757190932,0.676482626512744,0.6507936507936508,63.0,49706074930400.0
ANDREW P HILL HIGH SCHOOL,2025,Santa Clara,0.6758312020460358,0.1580452491116837,0.637873118235255,0.7959183673469388,49.0,43694274332995.0
ANGELO RODRIGUEZ HIGH SCHOOL,2025,Solano,0.379441023211748,0.1025404146523359,0.7041262520143307,0.8066666666666666,150.0,48705404830170.0
ANN SOBRATO HIGH SCHOOL,2025,Santa Clara,0.3031105228325612,0.0248341742124815,0.6990464228024438,0.7238805970149254,134.0,43695830102368.0
ANTIOCH HIGH SCHOOL,2025,Contra Costa,0.902027027027027,0.0626540490720597,0.6350203695325914,0.6976744186046512,43.0,7616480730861.0
ARAGON HIGH SCHOOL,2025,San Mateo,0.1682750301568154,0.1236113939248481,0.7323886060751519,0.856,250.0,41690474130217.0
ARCHIE WILLIAMS HIGH SCHOOL,2025,Marin,0.1034180543382997,0.0133051880844105,0.705213330434108,0.7185185185185186,135.0,21654822131340.0
ARISE HIGH SCHOOL,2025,Alameda,0.7651515151515151,0.0326426111873353,0.7499660844648386,0.782608695652174,23.0,1612590115238.0
ARMIJO HIGH SCHOOL,2025,Solano,0.8129067245119306,0.0848165389980308,0.6598643120657989,0.7446808510638298,47.0,48705404830451.0
ARROYO HIGH SCHOOL,2025,Alameda,0.6457638425617078,0.1790640388952994,0.6714032508243267,0.8504672897196262,107.0,1613090130849.0
ASPIRE LIONEL WILSON COLG PREP,2025,Alameda,0.8673469387755102,0.1916173657134363,0.7174735433774728,0.9090909090909092,22.0,1612590130666.0
ASPIRE RICHMOND CA COLG PREP,2025,Contra Costa,0.8525423728813559,0.0089981420977244,0.7329373417732433,0.7419354838709677,31.0,7617960132100.0
BALBOA HIGH SCHOOL,2025,San Francisco,0.6373182552504039,0.0688369457832559,0.7206367384272704,0.7894736842105263,152.0,38684783830288.0
BAY AREA TECHNOLOGY-BAYTECH,2025,Alameda,0.8627450980392157,0.1322533237664221,0.7098519393914725,0.8421052631578947,19.0,1612590106906.0
BENICIA HIGH SCHOOL,2025,Solano,0.2411985018726591,0.0630163835414694,0.6681664121574553,0.7311827956989247,93.0,48705244831004.0
BERKELEY HIGH SCHOOL,2025,Alameda,0.2479801118707271,0.0963771568413011,0.7369561764920323,0.8333333333333334,474.0,1611430131177.0
BRANHAM HIGH SCHOOL,2025,Santa Clara,0.3142857142857143,0.0657009618553104,0.7279498317954831,0.7936507936507936,189.0,43694014330866.0
BUCKINGHAM COLLEGIATE CHARTER,2025,Solano,0.3417721518987341,-0.0384567625772159,0.638456762577216,0.6,20.0,48705734830113.0
BURLINGAME HIGH SCHOOL,2025,San Mateo,0.1332912192040429,0.0173762177738648,0.733775855958854,0.7511520737327189,217.0,41690474130472.0
CALIFORNIA HIGH SCHOOL,2025,Contra Costa,0.0874222529371112,0.14365666032196,0.7093617123814521,0.8530183727034121,381.0,7618040730051.0
CALISTOGA JUNIOR SENIOR HIGH SCHOOL,2025,Napa,0.8816901408450705,0.2417808280732982,0.6382191719267017,0.88,25.0,28662412831758.0
CAMPOLINDO HIGH SCHOOL,2025,Contra Costa,0.0544776119402985,-0.0058238431365004,0.7117061960776769,0.7058823529411765,187.0,7616300731125.0
CAPUCHINO HIGH SCHOOL,2025,San Mateo,0.3421300659754948,0.117126937116783,0.6421323221424763,0.7592592592592593,54.0,41690474130738.0
CARLMONT HIGH SCHOOL,2025,San Mateo,0.0932203389830508,0.040365661120205,0.7324875244753628,0.7728531855955678,361.0,41690624130993.0
CASA GRANDE HIGH SCHOOL,2025,Sonoma,0.4857834240774349,0.1098733115086593,0.6727353841435146,0.782608695652174,69.0,49708624930012.0
CASTLEMONT HIGH SCHOOL,2025,Alameda,0.9902642559109874,0.1980855013838388,0.6480683447700073,0.8461538461538461,26.0,1612590125161.0
CASTRO VALLEY HIGH SCHOOL,2025,Alameda,0.4004871259568545,0.0301900362648797,0.7345158460880614,0.7647058823529411,306.0,1611500132225.0
CHRISTOPHER HIGH SCHOOL,2025,Santa Clara,0.3797546012269938,0.03588292082896,0.6784027934567542,0.7142857142857143,70.0,43694840118380.0
CIRCLE OF INDEPENDENT LEARNING,2025,Alameda,0.4619289340101523,0.3812181384958001,0.4937818615041999,0.875,8.0,1611760130534.0
CITY ARTS AND LEADERSHIP ACADEMY,2025,San Francisco,0.5289672544080605,-0.0668912300509271,0.7433618182862213,0.6764705882352942,34.0,38684780107300.0
CLAYTON VALLEY CHARTER HIGH SCHOOL,2025,Contra Costa,0.2233459755583649,-0.1154592211859683,0.7875022319386564,0.6720430107526881,186.0,7100740731380.0
CLOVERDALE HIGH SCHOOL,2025,Sonoma,0.5725190839694656,0.2914667243015326,0.575199942365134,0.8666666666666667,15.0,49706564930855.0
COLISEUM COLLEGE PREP ACADEMY,2025,Alameda,0.9872241579558652,0.27810343869646,0.72189656130354,1.0,43.0,1612590112797.0
COLLEGE PARK HIGH SCHOOL,2025,Contra Costa,0.4050308008213552,0.0909139226529386,0.6753198435808276,0.7662337662337663,154.0,7617540731646.0
CONCORD HIGH SCHOOL,2025,Contra Costa,0.6956904133685137,0.0214872757660876,0.637049309599766,0.6585365853658537,41.0,7617540731836.0
CUPERTINO HIGH SCHOOL,2025,Santa Clara,0.1022222222222222,0.185002635206489,0.7394686638871665,0.9244712990936556,331.0,43694684331799.0
DE ANZA HIGH SCHOOL,2025,Contra Costa,0.8605539637058262,0.0662430821412024,0.6530551634728327,0.7192982456140351,57.0,7617960732164.0
DEER VALLEY HIGH SCHOOL,2025,Contra Costa,0.82560706401766,0.1065760065651737,0.6376100399464542,0.7441860465116279,43.0,7616480730465.0
DEL MAR HIGH SCHOOL,2025,Santa Clara,0.6962962962962963,0.0641772387487424,0.6958227612512575,0.76,50.0,43694014331955.0
DESIGN TECH HIGH SCHOOL,2025,San Mateo,0.0723104056437389,0.0961316252743974,0.7123790130234748,0.8085106382978723,94.0,41690470129759.0
DIXON HIGH SCHOOL,2025,Solano,0.5767676767676768,-0.0576082386263214,0.644564760365452,0.5869565217391305,46.0,48705324832259.0
DOUGHERTY VALLEY HIGH SCHOOL,2025,Contra Costa,0.0812767357683448,0.159572883425043,0.7395096853822964,0.8990825688073395,654.0,7618040113118.0
DOZIER-LIBBEY MEDICAL HIGH SCH,2025,Contra Costa,0.8061674008810573,-0.0168601562162497,0.6368601562162497,0.62,50.0,7616480117218.0
DR TJ OWENS GILROY EARLY COLG,2025,Santa Clara,0.3980263157894737,0.0795421169891495,0.7022760648290323,0.7818181818181819,55.0,43694840114496.0
DUBLIN HIGH SCHOOL,2025,Alameda,0.1692529772645254,0.1300763302379384,0.7660775159159078,0.8961538461538462,520.0,1750930132704.0
EAST BAY INNOVATION ACADEMY,2025,Alameda,0.4079822616407982,0.1243544627883324,0.6756455372116676,0.8,30.0,1612590129932.0
EAST PALO ALTO ACADEMY,2025,San Mateo,0.6330935251798561,0.2176224363036439,0.6157108970296894,0.8333333333333334,18.0,41690620126722.0
EL CAMINO HIGH,2025,San Mateo,0.2507122507122507,-0.0223970277927014,0.68518772546712,0.6627906976744186,86.0,41690704132551.0
EL CERRITO HIGH SCHOOL,2025,Contra Costa,0.3897260273972602,0.1600594178579308,0.6823648245663115,0.8424242424242424,165.0,7617960732941.0
ELSIE ALLEN HIGH SCHOOL,2025,Sonoma,0.717201166180758,0.2930541687692966,0.589298772407174,0.8823529411764706,17.0,49709204930160.0
EMERY SECONDARY SCHOOL,2025,Alameda,0.6049382716049383,0.3615873142707456,0.4955555428721115,0.8571428571428571,21.0,1611680132746.0
ENVISION ACAD ARTS/TECHNOLOGY,2025,Alameda,0.7391304347826086,-0.0955166916235089,0.7109013070081244,0.6153846153846154,13.0,1100170112607.0
EVERGREEN VALLEY HIGH SCHOOL,2025,Santa Clara,0.2241953385127636,0.0705740574401582,0.7520860410820093,0.8226600985221675,406.0,43694274330692.0
FAIRFIELD HIGH SCHOOL,2025,Solano,0.8130841121495327,0.0608020683574214,0.6266979316425786,0.6875,32.0,48705404833000.0
FOOTHILL HIGH SCHOOL,2025,Alameda,0.0885200553250345,0.1276540309119487,0.7407670217196303,0.868421052631579,304.0,1751010130096.0
FREEDOM HIGH SCHOOL,2025,Contra Costa,0.3930894308943089,0.0765772040786967,0.6908646563864196,0.7674418604651163,86.0,7617210730457.0
FREMONT HIGH SCHOOL,2025,Alameda,0.9905660377358492,0.0237152236370886,0.7323823373385211,0.7560975609756098,41.0,1612590125716.0
FREMONT HIGH SCHOOL,2025,Santa Clara,0.237378640776699,0.1194027296907895,0.7069130597828946,0.8263157894736842,190.0,43694684332474.0
GALILEO ACAD OF SCIENCE & TECH,2025,San Francisco,0.6291428571428571,0.107860547299369,0.7239151536352104,0.8317757009345794,214.0,38684783831765.0
GATEWAY HIGH SCHOOL,2025,San Francisco,0.5258620689655172,-0.0127646775883327,0.7374023587477531,0.7246376811594203,69.0,38684783830437.0
GEORGE WASHINGTON HIGH SCHOOL,2025,San Francisco,0.5183752417794971,0.0886418655043317,0.7388229232280626,0.8274647887323944,284.0,38684783839081.0
GILROY HIGH SCHOOL,2025,Santa Clara,0.511742892459827,0.0569300038393504,0.6738392269298803,0.7307692307692307,52.0,43694844332839.0
GRANADA HIGH SCHOOL,2025,Alameda,0.1567717996289425,0.1019101900356317,0.7005589457668374,0.8024691358024691,162.0,1612000133397.0
GRIFFIN ACADEMY HIGH SCHOOL,2025,Solano,0.7150537634408602,0.0548184137802373,0.5166101576483341,0.5714285714285714,21.0,48705810139816.0
HALF MOON BAY HIGH SCHOOL,2025,San Mateo,0.256860592755214,0.2167360666647031,0.5965972666686302,0.8133333333333334,75.0,41688904132817.0
HAYWARD HIGH SCHOOL,2025,Alameda,0.7506329113924051,0.1320848298578473,0.6497333519603345,0.7818181818181819,55.0,1611920133629.0
HAYWARD TWIN OAKS MONTESSORI,2025,Alameda,0.3794712286158631,0.2447055468117037,0.6441833420771851,0.8888888888888888,9.0,1611920127944.0
HEALDSBURG HIGH SCHOOL,2025,Sonoma,0.5646123260437376,0.0984914807403315,0.6693656621168114,0.7678571428571429,56.0,49753904932554.0
HENRY M GUNN SENIOR HIGH SCHL,2025,Santa Clara,0.1168594035301278,0.0480787256046387,0.7519212743953613,0.8,325.0,43696414332904.0
HENRY T GUNDERSON HIGH SCHOOL,2025,Santa Clara,0.5456989247311828,0.0509195513691208,0.637969337519768,0.6888888888888889,45.0,43696664330080.0
HERCULES HIGH SCHOOL,2025,Contra Costa,0.4172099087353325,-0.0484033633347043,0.6931402054399675,0.6447368421052632,76.0,7617960730598.0
HERITAGE HIGH SCHOOL,2025,Contra Costa,0.1944660950896336,-0.003540595827679,0.71240135532135,0.7088607594936709,158.0,7617210107797.0
HILLSDALE HIGH SCHOOL,2025,San Mateo,0.252365930599369,0.0180397038180054,0.7174441671497365,0.7354838709677419,155.0,41690474133070.0
HOMESTEAD HIGH SCHOOL,2025,Santa Clara,0.1591726618705036,0.0710006885315391,0.7338773602489487,0.8048780487804879,369.0,43694684333316.0
IMPACT ACAD ARTS/TECHNOLOGY,2025,Alameda,0.5279329608938548,-0.102473186515024,0.727473186515024,0.625,40.0,1611920137646.0
INDEPENDENCE HIGH SCHOOL,2025,San Francisco,0.5659574468085107,-0.0955770598704518,0.5955770598704518,0.5,20.0,38684783830197.0
INDEPENDENCE HIGH SCHOOL,2025,Santa Clara,0.4696373962429008,0.0945030918058303,0.7001397653370267,0.7946428571428571,112.0,43694274330031.0
INVICTUS ACADEMY OF RICHMOND,2025,Contra Costa,0.7890818858560794,-0.043302663229229,0.730802663229229,0.6875,16.0,7100740137026.0
IRVINGTON HIGH SCHOOL,2025,Alameda,0.2466388502549837,0.2005912868249912,0.7203896396055265,0.9209809264305178,367.0,1611760134270.0
JAMES LICK HIGH SCHOOL,2025,Santa Clara,0.6577726218097448,0.219831634724548,0.6135016986087853,0.8333333333333334,18.0,43694274333639.0
JAMES LOGAN HIGH SCHOOL,2025,Alameda,0.5277777777777778,0.0859055699229041,0.7115082231805442,0.7974137931034483,232.0,1612420134668.0
JEFFERSON HIGH SCHOOL,2025,San Mateo,0.4113805970149253,0.0642867009410592,0.6898116597146784,0.7540983606557377,61.0,41689244133393.0
JESSE M BETHEL HIGH SCHOOL,2025,Solano,0.7736248236953456,-0.0015006140852491,0.6610750821703555,0.6595744680851063,47.0,48705814830147.0
JOHN F KENNEDY HIGH SCHOOL,2025,Alameda,0.5271013354281225,0.1192367244579278,0.6787430735218701,0.797979797979798,99.0,1611760134452.0
JOHN F KENNEDY HIGH SCHOOL,2025,Contra Costa,0.5986486486486486,0.155968199496168,0.594031800503832,0.75,24.0,7617960733659.0
JOHN HENRY HIGH SCHOOL,2025,Contra Costa,0.8618618618618619,-0.0608124768292034,0.6971761131928398,0.6363636363636364,22.0,7773540132233.0
JOHN O'CONNELL HIGH SCHOOL,2025,San Francisco,0.7043478260869566,0.1019706298826879,0.6123150844030264,0.7142857142857143,7.0,38684783834769.0
JOHN SWETT HIGH SCHOOL,2025,Contra Costa,0.7407407407407407,0.2552035346818488,0.6271494064946217,0.8823529411764706,17.0,7616970737023.0
KIPP ESPERANZA HIGH SCHOOL,2025,San Mateo,0.9587628865979382,0.1288841757328003,0.7461158242671997,0.875,32.0,41690620139915.0
KIPP KING COLLEGIATE HIGH SCH,2025,Alameda,0.7326283987915407,0.0121870564094923,0.7623227475120763,0.7745098039215687,102.0,1613090114421.0
KIPP SAN FRANCISCO COLG PREP,2025,San Francisco,0.8928571428571429,0.203117222686296,0.7492637296946564,0.9523809523809524,42.0,38684780127530.0
KIPP SAN JOSE COLLEGIATE,2025,Santa Clara,0.708984375,0.0526964367423709,0.7519012644070544,0.8045977011494253,87.0,43694270116889.0
LAS LOMAS HIGH SCHOOL,2025,Contra Costa,0.1540900443880786,0.0123579836474321,0.7252657787288055,0.7376237623762376,202.0,7616300733725.0
LATINO COLLEGE PREP ACADEMY,2025,Santa Clara,0.831353919239905,0.0734878140706443,0.6562419156590854,0.7297297297297297,37.0,43694274330668.0
LEADERSHIP PUBLIC SCH HAYWARD,2025,Alameda,0.5235602094240838,0.0367365962217605,0.7391254727437567,0.7758620689655172,58.0,1611920108670.0
LEADERSHIP PUBLIC SCH RICHMOND,2025,Contra Costa,0.6538461538461539,0.014238234679631,0.7413173208759245,0.7555555555555555,45.0,7617960101477.0
LEIGH HIGH SCHOOL,2025,Santa Clara,0.179936305732484,0.1131598161020002,0.72981539050957,0.8429752066115702,242.0,43694014330239.0
LELAND HIGH SCHOOL,2025,Santa Clara,0.1128484024473147,0.1169375097783558,0.7087886313004823,0.8257261410788381,241.0,43696664333522.0
LIBERTY HIGH SCHOOL,2025,Contra Costa,0.3568406205923836,-0.0484050790908009,0.6938596245453464,0.6454545454545455,110.0,7617210733980.0
LIFE ACADEMY HIGH SCHOOL,2025,Alameda,0.981651376146789,-0.0110411452476011,0.7383138725203284,0.7272727272727273,22.0,1612590130575.0
LIGHTHOUSE COMMUNITY CHAR HS,2025,Alameda,0.9288256227758008,0.0965673870643707,0.7269620247003351,0.8235294117647058,34.0,1612590108944.0
LIVE OAK HIGH SCHOOL,2025,Santa Clara,0.4196185286103542,0.1776306242308312,0.6499555826657205,0.8275862068965517,58.0,43695834333951.0
LIVERMORE HIGH SCHOOL,2025,Alameda,0.2348111658456486,0.1341189437243348,0.6599987033344886,0.7941176470588235,102.0,1612000134536.0
LOS ALTOS HIGH SCHOOL,2025,Santa Clara,0.1654377880184331,0.0754910019314955,0.7473318208913273,0.8228228228228228,333.0,43696094334116.0
LOS GATOS HIGH SCHOOL,2025,Santa Clara,0.0684430512016718,0.0217611859783519,0.7419374441586344,0.7636986301369864,292.0,43695344334371.0
LOWELL HIGH SCHOOL,2025,San Francisco,0.425126409957215,0.0738151325306104,0.7681713234513309,0.8419864559819413,443.0,38684783833407.0
LUIS VALDEZ LEADERSHIP ACADEMY,2025,Santa Clara,0.8355555555555556,0.2020354527745799,0.6161463654072383,0.8181818181818182,11.0,43694270130856.0
LYNBROOK HIGH SCHOOL,2025,Santa Clara,0.0652173913043478,0.1283920734256841,0.7488009090304562,0.8771929824561403,342.0,43694684334421.0
MADISON PARK ACADEMY,2025,Alameda,0.9837278106508875,0.1583951879286973,0.711170029462607,0.8695652173913043,23.0,1612596066450.0
MAKING WAVES ACADEMY,2025,Contra Costa,0.7987012987012987,0.1619202733647907,0.7645503148705034,0.9264705882352942,68.0,7100740114470.0
MARE ISLAND TECHNOLOGY ACADEMY,2025,Solano,0.6321353065539113,0.0568943930197453,0.6931056069802547,0.75,20.0,48705814830196.0
MARIA CARRILLO HIGH SCHOOL,2025,Sonoma,0.3503787878787879,0.008340335267754,0.684728971662939,0.693069306930693,101.0,49709204930244.0
MCCLYMONDS HIGH SCHOOL,2025,Alameda,0.9597069597069596,-0.1141246661036573,0.6435364308095397,0.5294117647058824,17.0,1612590110189.0
MENLO ATHERTON HIGH SCHOOL,2025,San Mateo,0.329935125115848,0.0037137679467226,0.7130244294781701,0.7167381974248928,233.0,41690624133716.0
MIDDLE COLLEGE HIGH SCHOOL,2025,Contra Costa,0.6496598639455783,0.0903172649021476,0.7192065446216619,0.8095238095238095,63.0,7617960730291.0
MILLENNIUM HIGH SCHOOL,2025,Alameda,0.180327868852459,0.2267564862028446,0.6065768471304888,0.8333333333333334,6.0,1612750130286.0
MILLS HIGH SCHOOL,2025,San Mateo,0.2026905829596412,0.1863901392723563,0.6798518989442042,0.8662420382165605,157.0,41690474134557.0
MILPITAS HIGH SCHOOL,2025,Santa Clara,0.4395078605604921,0.120853891258123,0.7171742777559614,0.8380281690140845,284.0,43733874334470.0
MILPITAS MIDDLE COLLEGE HS,2025,Santa Clara,0.4181818181818181,0.2143065656468713,0.5356934343531287,0.75,12.0,43733870140673.0
MIRAMONTE HIGH SCHOOL,2025,Contra Costa,0.0462724935732647,0.0703584975018648,0.7286105746630837,0.7989690721649485,194.0,7616300734244.0
MISSION EARLY COLLEGE HIGH SCH,2025,Santa Clara,0.3114754098360656,0.11493036221786,0.68506963778214,0.8,35.0,43696740135970.0
MISSION SAN JOSE HIGH SCHOOL,2025,Alameda,0.1800445930880713,0.128221490869111,0.759733691203718,0.8879551820728291,357.0,1611760135244.0
MISSION SENIOR HIGH SCHOOL,2025,San Francisco,0.6253776435045317,0.2766097816499664,0.6933902183500336,0.97,100.0,38684783834082.0
MONTA VISTA HIGH SCHOOL,2025,Santa Clara,0.0595092024539877,0.1578841353738838,0.752926675436927,0.9108108108108108,370.0,43694684334462.0
MONTE VISTA HIGH SCHOOL,2025,Contra Costa,0.0538687561214495,0.0803278546410715,0.7061128233250302,0.7864406779661017,295.0,7618040734368.0
MONTGOMERY HIGH SCHOOL,2025,Sonoma,0.4964086193136472,0.0374557883505762,0.6606574191965935,0.6981132075471698,53.0,49709204934154.0
MOUNT DIABLO HIGH SCHOOL,2025,Contra Costa,0.800286327845383,0.0992664193626498,0.6229558028595724,0.7222222222222222,36.0,7617540734566.0
MOUNT EDEN HIGH SCHOOL,2025,Alameda,0.7501340482573726,0.1707533189660171,0.674607505776251,0.845360824742268,97.0,1611920135319.0
MOUNT PLEASANT HIGH SCHOOL,2025,Santa Clara,0.625250501002004,0.2652381082373296,0.6321977891985678,0.8974358974358975,39.0,43694274334900.0
MOUNTAIN VIEW HIGH SCHOOL,2025,Santa Clara,0.1266575217192501,-0.0028866809488483,0.7477547161394642,0.7448680351906158,341.0,43696094334728.0
NAPA HIGH SCHOOL,2025,Napa,0.7442143727161997,0.0543160607489061,0.6493876429547976,0.7037037037037037,54.0,28662662835601.0
NEW TECHNOLOGY HIGH SCHOOL,2025,Napa,0.6438356164383562,0.162846854042413,0.5871531459575869,0.75,16.0,28662662830115.0
NEWARK MEMORIAL HIGH SCHOOL,2025,Alameda,0.3891733723482077,0.1386145100109083,0.6341127627163644,0.7727272727272727,88.0,1612340130054.0
NORTHGATE HIGH SCHOOL,2025,Contra Costa,0.2238033635187581,0.1101891163425952,0.6931816701742587,0.8033707865168539,178.0,7617540730044.0
NOVA INDEPENDENT STUDY,2025,Marin,0.3287671232876712,-0.037507629425961,0.5375076294259611,0.5,6.0,21654172130045.0
NOVATO HIGH SCHOOL,2025,Marin,0.4832944832944832,0.0478639043295431,0.6802914354762821,0.7281553398058253,103.0,21654172132272.0
OAK GROVE HIGH SCHOOL,2025,Santa Clara,0.5618631732168851,0.0985551013309529,0.6585877558119042,0.7571428571428571,70.0,43694274335204.0
OAKLAND CHARTER HIGH SCHOOL,2025,Alameda,0.8363636363636363,0.189281165143218,0.710718834856782,0.9,40.0,1612590114868.0
OAKLAND HIGH SCHOOL,2025,Alameda,0.902469917669411,0.0669806495654274,0.7330193504345726,0.8,125.0,1612590135905.0
OAKLAND INTERNATIONAL HIGH SCH,2025,Alameda,0.9925925925925926,0.306791187706333,0.6932088122936669,1.0,15.0,1612590115667.0
OAKLAND MILITARY INST COL PREP,2025,Alameda,0.9020833333333332,-0.1328451030886356,0.6328451030886356,0.5,26.0,1612590130617.0
OAKLAND SCHOOL FOR THE ARTS,2025,Alameda,0.28743961352657,-0.0182445279698386,0.6786218864604047,0.660377358490566,53.0,1612593030772.0
OAKLAND TECHNICAL HIGH SCHOOL,2025,Alameda,0.7019867549668874,0.0521174754890955,0.7622764639048439,0.8143939393939394,264.0,1612590136051.0
OAKLAND UNITY HIGH SCHOOL,2025,Alameda,0.7288135593220338,0.2274196816760207,0.7380975597032896,0.9655172413793104,29.0,1612590100065.0
OCEANA HIGH SCHOOL,2025,San Mateo,0.1868365180467091,0.1510716412751495,0.6770533587248505,0.828125,64.0,41689244135075.0
OXFORD DAY ACADEMY,2025,San Mateo,0.6666666666666666,0.3480062033902963,0.6519937966097037,1.0,9.0,41104130135269.0
PALO ALTO SENIOR HIGH SCHOOL,2025,Santa Clara,0.1332628239026969,0.0146162107639443,0.7625098889428005,0.7771260997067448,341.0,43696414335782.0
PESCADERO HIGH SCHOOL,2025,San Mateo,0.345679012345679,0.0964777001646709,0.503522299835329,0.6,5.0,41689404135331.0
PETALUMA HIGH SCHOOL,2025,Sonoma,0.4090528080469405,0.1156782074960267,0.6635425717247525,0.7792207792207793,77.0,49708624935151.0
PHILLIP & SALA BURTON ACAD HS,2025,San Francisco,0.6771728748806113,0.0555182746339626,0.7079225855810911,0.7634408602150538,93.0,38684783830254.0
PIEDMONT HIGH SCHOOL,2025,Alameda,0.0354706684856753,0.0033588967778449,0.7196140761951281,0.722972972972973,148.0,1612750136515.0
PIEDMONT HILLS HIGH SCHOOL,2025,Santa Clara,0.3013555787278415,0.0776973014801664,0.7152319914491265,0.7929292929292929,198.0,43694274335907.0
PINER HIGH SCHOOL,2025,Sonoma,0.6436541143654114,0.080005369605557,0.6258769833356195,0.7058823529411765,34.0,49709204935292.0
PINOLE VALLEY HIGH SCHOOL,2025,Contra Costa,0.6184738955823293,0.1647650573668416,0.6752349426331583,0.84,75.0,7617960735316.0
PIONEER HIGH SCHOOL,2025,Santa Clara,0.3079684134960517,0.0353726853833268,0.6878977548682454,0.7232704402515723,159.0,43696664335949.0
PITTSBURG HIGH SCHOOL,2025,Contra Costa,0.7925359976491331,0.0357908634239506,0.6975424699093826,0.7333333333333333,135.0,7617880735407.0
PLEASANTON VIRTUAL ACADEMY,2025,Alameda,0.144927536231884,0.4447650184557077,0.5552349815442923,1.0,5.0,1751010141432.0
PROSPECT HIGH SCHOOL,2025,Santa Clara,0.4924657534246575,0.1048760024509536,0.7013255479366433,0.8062015503875969,129.0,43694014336137.0
PUBLIC SAFETY ACADEMY,2025,Solano,0.5261744966442953,0.1361106151901,0.6331201540406692,0.7692307692307693,13.0,48705400125310.0
RANCHO COTATE HIGH SCHOOL,2025,Sonoma,0.4706552706552706,0.0968719094197991,0.6422585253628095,0.7391304347826086,46.0,49738824935482.0
RAOUL WALLENBERG TRADITIONAL,2025,San Francisco,0.5076628352490421,0.10850470919974,0.6593524336574028,0.7678571428571429,56.0,38684783830205.0
REDWOOD HIGH SCHOOL,2025,Marin,0.0818815331010452,-0.1079366147966566,0.7435955295253388,0.6356589147286822,258.0,21654822132587.0
RICHMOND HIGH SCHOOL,2025,Contra Costa,0.96796875,0.1788419233276734,0.661737786817254,0.8405797101449275,69.0,7617960735902.0
RIO VISTA HIGH SCHOOL,2025,Solano,0.7192429022082019,0.390954224214712,0.609045775785288,1.0,10.0,34674134835302.0
ROBERTO CRUZ LEADERSHIP ACDMY,2025,Santa Clara,0.8812260536398467,0.1249180417486475,0.6250819582513525,0.75,16.0,43694270131995.0
RUTH ASAWA SCHOOL OF THE ARTS,2025,San Francisco,0.2220588235294117,0.0873331917493024,0.7095418082506976,0.796875,128.0,38684783830387.0
SAINT HELENA HIGH SCHOOL,2025,Napa,0.3677884615384615,0.1136445659987084,0.6270961747420323,0.7407407407407407,27.0,28662902837102.0
SAN JOSE HIGH SCHOOL,2025,Santa Clara,0.6990846681922197,0.2777494078924059,0.5347505921075941,0.8125,16.0,43696664337200.0
SAN LEANDRO HIGH SCHOOL,2025,Alameda,0.7533864541832669,0.0907275591458671,0.7028208279509071,0.7935483870967742,155.0,1612910137588.0
SAN LORENZO HIGH SCHOOL,2025,Alameda,0.815354713313897,0.0362402909527594,0.6455778908654223,0.6818181818181818,44.0,1613090137810.0
SAN MARIN HIGH SCHOOL,2025,Marin,0.3568,-0.0155873538236043,0.696621836582225,0.6810344827586207,116.0,21654172133056.0
SAN MATEO HIGH SCHOOL,2025,San Mateo,0.3808606294155427,0.1090301018236979,0.6897503859811801,0.7987804878048781,164.0,41690474136370.0
SAN RAFAEL HIGH SCHOOL,2025,Marin,0.7222222222222222,0.1166000683694659,0.6858690674330032,0.8024691358024691,81.0,21654662133262.0
SAN RAMON VALLEY HIGH SCHOOL,2025,Contra Costa,0.0569744597249508,-0.1022636285610495,0.7033274583482836,0.601063829787234,188.0,7618040736504.0
SANTA CLARA HIGH SCHOOL,2025,Santa Clara,0.2363199037883343,0.1454478662599014,0.6762081846955126,0.821656050955414,157.0,43696744330122.0
SANTA ROSA HIGH SCHOOL,2025,Sonoma,0.583386992916935,0.0785982809395525,0.657250775664221,0.7358490566037735,53.0,49709204936803.0
SANTA TERESA HIGH SCHOOL,2025,Santa Clara,0.2788191190253046,0.0825693434647856,0.703594178547793,0.7861635220125787,159.0,43694274330023.0
SARATOGA HIGH SCHOOL,2025,Santa Clara,0.0344530577088716,0.1099651084440535,0.7267695854334976,0.8367346938775511,245.0,43695344337762.0
SEQUOIA HIGH SCHOOL,2025,San Mateo,0.3926645091693635,0.0571323214697842,0.7008294619697063,0.7579617834394905,157.0,41690624136693.0
SILVER CREEK HIGH SCHOOL,2025,Santa Clara,0.4460028050490883,0.0504100426897557,0.7223172300375169,0.7727272727272727,176.0,43694274337903.0
SKYLINE HIGH SCHOOL,2025,Alameda,0.76,0.074878959967145,0.7267739325948385,0.8016528925619835,121.0,1612590137943.0
SONOMA VALLEY HIGH SCHOOL,2025,Sonoma,0.3277310924369748,0.2207599655455105,0.6605959666578792,0.8813559322033898,59.0,49709534937256.0
SOUTH SAN FRANCISCO HS,2025,San Mateo,0.4180790960451977,-0.0007533401733007,0.6436104830304437,0.6428571428571429,56.0,41690704137279.0
SUMMIT PREPARATORY CHARTER HIG,2025,San Mateo,0.7167235494880546,0.0689172880940116,0.7406065214297979,0.8095238095238095,42.0,41690620112722.0
SUMMIT PUBLIC SCHOOL K2,2025,Contra Costa,0.8194945848375451,-0.2376976751162437,0.7488087862273548,0.5111111111111111,45.0,7100740129684.0
SUMMIT PUBLIC SCHOOL-TAHOMA,2025,Santa Clara,0.2898172323759791,0.2514922263184106,0.712144137317953,0.9636363636363636,55.0,43104390123794.0
SUMMIT PUBLIC SCHOOLS SHASTA,2025,San Mateo,0.3275109170305676,0.0142107873654246,0.7201642126345753,0.734375,64.0,41689240127548.0
TAMALPAIS HIGH SCHOOL,2025,Marin,0.1176870748299319,-0.0056428634793789,0.7399602066528107,0.7343173431734318,271.0,21654822133692.0
TAMISCAL HIGH SCHOOL,2025,Marin,0.1693548387096774,-0.0274868287880001,0.6274868287880001,0.6,25.0,21654822130078.0
TECHNOLOGY HIGH SCHOOL,2025,Sonoma,0.2069970845481049,0.074040395201481,0.6612537224455778,0.7352941176470589,34.0,49738824930384.0
TENNYSON HIGH SCHOOL,2025,Alameda,0.8385175380542687,0.1856570579142522,0.6476762754190811,0.8333333333333334,30.0,1611920138339.0
TERRA LINDA HIGH SCHOOL,2025,Marin,0.4943910256410256,0.063904231601129,0.7064661387692414,0.7703703703703704,135.0,21654662134005.0
TERRA NOVA HIGH SCHOOL,2025,San Mateo,0.1486486486486486,0.1008222264716612,0.6491777735283387,0.75,48.0,41689244137535.0
THURGOOD MARSHALL ACADEMIC HS,2025,San Francisco,0.7894736842105263,0.1031423811442894,0.6111433331414249,0.7142857142857143,21.0,38684783830403.0
TOMALES HIGH SCHOOL,2025,Marin,0.7322834645669292,0.0212408008291663,0.550187770599405,0.5714285714285714,7.0,21733612134310.0
UNIVERSITY PREP ACADEMY,2025,Santa Clara,0.2778541953232462,0.0178705682193383,0.7291173835878906,0.7469879518072289,83.0,43104390113431.0
VACAVILLE HIGH SCHOOL,2025,Solano,0.4540117416829745,0.0680571430617995,0.7040947556723777,0.7721518987341772,79.0,48705734837803.0
VALLEJO HIGH SCHOOL,2025,Solano,0.8429319371727748,0.0484482580069879,0.6182184086596787,0.6666666666666666,21.0,48705814838504.0
VANDEN HIGH SCHOOL,2025,Solano,0.410790925812385,-0.020316495957684,0.670316495957684,0.65,80.0,48705654838801.0
VINTAGE HIGH SCHOOL,2025,Napa,0.5776818742293465,0.0915064362568762,0.6723824526320126,0.7638888888888888,72.0,28662662830016.0
VISTA HIGH SCHOOL,2025,Contra Costa,0.5261904761904762,0.055970377141279,0.5440296228587209,0.6,5.0,7617960730325.0
WASHINGTON HIGH SCHOOL,2025,Alameda,0.3643331630045989,0.1785285513351625,0.7031918787723643,0.8817204301075269,186.0,1611760138693.0
WESTMONT HIGH SCHOOL,2025,Santa Clara,0.4197384066587395,0.0410835275956127,0.7173057341493537,0.7583892617449665,149.0,43694014338505.0
WESTMOOR HIGH SCHOOL,2025,San Mateo,0.4084507042253521,0.1117160150212021,0.6542414317873085,0.7659574468085106,94.0,41689244137790.0
WILL C WOOD HIGH SCHOOL,2025,Solano,0.578096947935368,0.0888075213448063,0.6790496215123366,0.7678571428571429,56.0,48705734830089.0
WILLIAM C OVERFELT HIGH SCHOOL,2025,Santa Clara,0.6265590608950844,0.1598636937205461,0.6478286139717616,0.8076923076923077,52.0,43694274335428.0
WILLOW GLEN HIGH SCHOOL,2025,Santa Clara,0.3882047958522359,0.0763582355551252,0.6678278109565027,0.7441860465116279,129.0,43696664338950.0
WINDSOR HIGH SCHOOL,2025,Sonoma,0.4835294117647059,0.0696650373741838,0.6498471577477674,0.7195121951219512,82.0,49753584930228.0
WOODSIDE HIGH SCHOOL,2025,San Mateo,0.2867469879518072,0.0354170929066351,0.7055467625150516,0.7409638554216867,166.0,41690624138053.0
YERBA BUENA HIGH SCHOOL,2025,Santa Clara,0.6191066997518611,0.1391818217494552,0.6913266528268159,0.8305084745762712,118.0,43694274330015.0
YGNACIO VALLEY HIGH SCHOOL,2025,Contra Costa,0.8149197355996223,0.0393645508554783,0.6117982398421962,0.6511627906976745,43.0,7617540737809.0
